Individual,PC1,PC2,PC3,PC4,Population,Population2
AfghanHound:AfghanHound01,0.0053,-0.0546,-0.0203,0.0186,Breed,AfghanHound
AfghanHound:AfghanHound03,0.0048,-0.049,-0.0174,0.0156,Breed,AfghanHound
AfghanHound:AfghanHound04,0.0075,-0.0564,-0.0161,0.019,Breed,AfghanHound
AiredaleTerrier:AiredaleTer01,-0.0207,0.023,0.0025,0.0013,Breed,AiredaleTerrier
AiredaleTerrier:AiredaleTer02,-0.0208,0.0232,0.0021,0.0006,Breed,AiredaleTerrier
AiredaleTerrier:AiredaleTer05,-0.0209,0.023,0.0032,-0.0002,Breed,AiredaleTerrier
AiredaleTerrier:TA001,-0.0206,0.023,0.0024,0.0003,Breed,AiredaleTerrier
AlaskanHusky:AlaskanHusky01,0.0439,-0.1285,0.1242,-0.1951,Breed,AlaskanHusky
AlaskanHusky:AlaskanHusky02,0.0518,-0.1498,0.1433,-0.2327,Breed,AlaskanHusky
AlaskanMalamute:AlaskanMalamute01,0.0496,-0.128,0.1338,-0.2019,Breed,AlaskanMalamute
AlaskanMalamute:AlaskanMalamute02,0.0473,-0.1254,0.1298,-0.192,Breed,AlaskanMalamute
AlaskanMalamute:AM007,0.0482,-0.1303,0.1351,-0.2138,Breed,AlaskanMalamute
AlpineDachsbracke:AlpineDachsbracke,-0.0179,0.0131,-0.0006,0.0022,Breed,AlpineDachsbracke
AmericanHairlessTerrier:HairlessTer01,-0.0191,0.016,0.0017,-0.0016,Breed,AmericanHairlessTerrier
AustralianCattleDog:AC023,-0.0135,0.0197,0.0017,-0.0024,Breed,AustralianCattleDog
AustralianCattleDog:AusCattleDog01,-0.0144,0.0178,0.0018,-0.0002,Breed,AustralianCattleDog
AustralianCattleDog:AusCattleDog02,-0.013,0.0197,0,-0.0013,Breed,AustralianCattleDog
AustralianCattleDog:AusCattleDog03,-0.0158,0.0181,0.0003,-0.0005,Breed,AustralianCattleDog
AustralianTerrier:AR001,-0.0167,0.0166,0.0025,0.0012,Breed,AustralianTerrier
AustraliaVillage:VillDog_Aus01,0.0619,0.0388,-0.0097,-0.0021,Village,AustraliaVillage
Basenji:Basenji01,0.0104,-0.1837,-0.2783,-0.0387,Breed,Basenji
Basenji:Basenji02,0.0114,-0.2285,-0.3581,-0.0541,Breed,Basenji
Basenji:Basenji03,0.0125,-0.249,-0.3902,-0.0599,Breed,Basenji
Basenji:CFA.118003,0.0125,-0.2458,-0.3873,-0.061,Breed,Basenji
BavarianHound:BG064,-0.0172,0.0132,0.0006,-0.0015,Breed,BavarianHound
Beagle:Beagle01,-0.0181,0.0158,0.0007,0.0004,Breed,Beagle
Beagle:Beagle02,-0.019,0.0157,0.0018,0.0029,Breed,Beagle
Beagle:Beagle04,-0.0187,0.0157,0.0015,0.0052,Breed,Beagle
Beagle:CFA.117995,-0.0189,0.0181,0.001,-0.0006,Breed,Beagle
BeardedCollie:BeardedCollie01,-0.0191,0.0191,0.0031,-0.0023,Breed,BeardedCollie
BeardedCollie:BeardedCollie02,-0.0196,0.0198,0.0032,-0.0028,Breed,BeardedCollie
BeardedCollie:BeardedCollie03,-0.0194,0.0196,0.0039,-0.003,Breed,BeardedCollie
BeardedCollie:BeardedCollie04,-0.0198,0.0204,0.003,-0.0035,Breed,BeardedCollie
BelgianMalinois:BelgianMalinois02,-0.0181,0.0154,0.0014,0.0006,Breed,BelgianMalinois
BelgianMalinois:BelgianMalinois03,-0.0178,0.0146,0.0003,-0.0002,Breed,BelgianMalinois
BelgianMalinois:MA0163,-0.018,0.0158,0.0009,0.0007,Breed,BelgianMalinois
BelgianMalinois:MA142,-0.0182,0.0163,0.001,-0.0011,Breed,BelgianMalinois
BelgianSheepdog:BelgianSheepdog01,-0.0183,0.0179,0.0009,0.0003,Breed,BelgianSheepdog
BelgianSheepdog:BelgianSheepdog03,-0.018,0.0167,0.0005,-0.0002,Breed,BelgianSheepdog
BelgianSheepdog:BelgianSheepdog05,-0.0183,0.0174,0.0006,0.0001,Breed,BelgianSheepdog
BelgianSheepdog:BelgianSheepdog06,-0.0188,0.018,0.0022,0.0004,Breed,BelgianSheepdog
BelgianTervuren:BelgianTervuren01,-0.0181,0.0164,-0.0009,-0.0004,Breed,BelgianTervuren
BelgianTervuren:BelgianTervuren05,-0.0194,0.0182,0.0004,-0.001,Breed,BelgianTervuren
BelgianTervuren:BelgianTervuren10,-0.0193,0.0179,0.001,0.0002,Breed,BelgianTervuren
BelgianTervuren:BelgianTervuren11,-0.0193,0.0187,0.0011,0.001,Breed,BelgianTervuren
BergerBlancSuisse:BergerBlancSui01,-0.0169,0.0137,0.0033,-0.0025,Breed,BergerBlancSuisse
BergerPicard:BergerPicard01,-0.0201,0.0217,0.0021,0.0017,Breed,BergerPicard
BergerPicard:BergerPicard02,-0.02,0.0215,0.0033,0.001,Breed,BergerPicard
BergerPicard:BergerPicard03,-0.0203,0.0228,0.003,0.0003,Breed,BergerPicard
BergerPicard:CFA.109670,-0.0197,0.0217,0.0028,0.0001,Breed,BergerPicard
BerneseMountainDog:BerneseMount01,-0.0187,0.0182,0.004,-0.0006,Breed,BerneseMountainDog
BerneseMountainDog:BerneseMount02,-0.0186,0.0175,0.0037,-0.0002,Breed,BerneseMountainDog
BerneseMountainDog:BerneseMount11,-0.0188,0.0178,0.0037,0.001,Breed,BerneseMountainDog
BerneseMountainDog:BerneseMount18,-0.0187,0.0186,0.0041,-0.0021,Breed,BerneseMountainDog
BlackRussianTer:BlackRussianTer01,-0.017,0.0137,0.0012,-0.001,Breed,BlackRussianTer
Bloodhound:Bloodhound01,-0.018,0.0163,0.0015,0.0005,Breed,Bloodhound
BorderCollie:BC0480,-0.0173,0.0154,0.004,-0.0032,Breed,BorderCollie
BorderCollie:BorderCollie03,-0.0184,0.0164,0.0028,-0.0014,Breed,BorderCollie
BorderCollie:BorderCollie08,-0.0181,0.017,0.0036,-0.0016,Breed,BorderCollie
BorderCollie:Helsinki_BC1028,-0.0171,0.0155,0.0029,-0.0012,Breed,BorderCollie
BorderTerrier:BorderTerrier01,-0.019,0.02,0.0018,-0.0016,Breed,BorderTerrier
BorderTerrier:BorderTerrier02,-0.0193,0.0218,0.0027,0.0001,Breed,BorderTerrier
BorderTerrier:BorderTerrier03,-0.0197,0.0211,0.0015,0,Breed,BorderTerrier
BorderTerrier:CFA.107838,-0.0204,0.0229,0.0021,-0.0018,Breed,BorderTerrier
BorneoVillage:VillDog_Borneo01,0.1071,-0.0334,0.0272,0.0682,BorneoVillage,BorneoVillage
BorneoVillage:VillDog_Borneo02,0.1111,-0.0352,0.0259,0.0701,BorneoVillage,BorneoVillage
BorneoVillage:VillDog_Borneo03,0.1085,-0.0319,0.0279,0.0669,BorneoVillage,BorneoVillage
Borzoi:Borzoi01,-0.013,0.0022,-0.0004,0,Breed,Borzoi
BostonTerrier:BostonTerrier01,-0.0213,0.0221,0.0023,-0.0009,Breed,BostonTerrier
BouvierDesFlandres:BouvDesFlan01,-0.0202,0.0202,0.0023,0.0004,Breed,BouvierDesFlandres
BouvierDesFlandres:BouvDesFlan02,-0.02,0.0195,0.0024,0.0005,Breed,BouvierDesFlandres
BouvierDesFlandres:CFA.107836,-0.0201,0.0199,0.0005,-0.0005,Breed,BouvierDesFlandres
Boxer:Boxer01,-0.0206,0.02,0.003,0.0027,Breed,Boxer
Brittany:BrittanySpaniel01,-0.0183,0.015,0,0.0007,Breed,Brittany
Bulldog:Bulldog01,-0.0217,0.0242,0.0049,-0.0018,Breed,Bulldog
Bullmastiff:BU002,-0.0202,0.0219,0.0032,-0.001,Breed,Bullmastiff
BullTerrier:BullTerrier03,-0.0237,0.0322,0.0035,-0.0032,Breed,BullTerrier
BullTerrier:BullTerrier04,-0.0241,0.0326,0.0032,-0.0031,Breed,BullTerrier
BullTerrier:BullTerrier05,-0.0237,0.0329,0.004,-0.0032,Breed,BullTerrier
BullTerrier:BullTerrier06,-0.0242,0.0325,0.0028,-0.0026,Breed,BullTerrier
CairnTerrier:CE073,-0.0189,0.0196,0.0024,-0.0009,Breed,CairnTerrier
CaneCorso:CaneCorso01,-0.0188,0.0194,0.0012,0.0022,Breed,CaneCorso
CaucasianOvcharka:Ovcharka01,-0.0066,-0.0156,-0.0088,0.0051,Breed,CaucasianOvcharka
CavalierKingCharlesSpaniel:CK006,-0.0203,0.0197,0.0003,-0.0021,Breed,CavalierKingCharlesSpaniel
CavalierKingCharlesSpaniel:CK023,-0.0203,0.0197,-0.0022,-0.0004,Breed,CavalierKingCharlesSpaniel
ChesapeakeBayRetriever:CFA.109671,-0.0188,0.0173,0.0012,-0.002,Breed,ChesapeakeBayRetriever
Chihuahua:Chihuahua01,-0.0135,0.0074,0.0036,-0.001,Breed,Chihuahua
Chihuahua:Chihuahua03,-0.0137,0.0053,0.002,-0.0007,Breed,Chihuahua
Chihuahua:Chihuahua05,-0.0139,0.0072,0.0014,-0.0017,Breed,Chihuahua
ChinaVil:VillDog_China01,0.0417,-0.0497,0.0197,0.0355,ChinaVillage,ChinaVil
ChinaVil:VillDog_China02,0.1025,-0.0663,0.0428,0.074,ChinaVillage,ChinaVil
ChinaVil:VillDog_China03,0.0821,-0.066,0.038,0.0628,ChinaVillage,ChinaVil
ChinaVil:VillDog_China52,0.0066,-0.0212,0.0049,0.0107,ChinaVillage,ChinaVil
ChinaVilAnhui:ChinaIndDog14,0.0987,-0.0562,0.0408,0.0765,ChinaVillage,ChinaVilAnhui
ChinaVilDiqing:VillDog_China40,0.063,-0.0784,0.0318,0.0627,ChinaVillage,ChinaVilDiqing
ChinaVilDiqing:VillDog_China41,0.0611,-0.0778,0.0288,0.0635,ChinaVillage,ChinaVilDiqing
ChinaVilDiqing:VillDog_China44,0.0634,-0.0768,0.031,0.0651,ChinaVillage,ChinaVilDiqing
ChinaVilDiqing:VillDog_China46,0.0606,-0.0772,0.0299,0.0626,ChinaVillage,ChinaVilDiqing
ChinaVilGansu:ChinaIndDog02,0.0494,-0.0663,0.0238,0.046,ChinaVillage,ChinaVilGansu
ChinaVilGansu:ChinaIndDog03,0.0489,-0.0674,0.025,0.0431,ChinaVillage,ChinaVilGansu
ChinaVilGansu:ChinaIndDog04,0.0494,-0.0683,0.0248,0.045,ChinaVillage,ChinaVilGansu
ChinaVilGuangdong:ChinaIndDog05,0.105,-0.0747,0.0497,0.0881,ChinaVillage,ChinaVilGuangdong
ChinaVilGuizhou:ChinaIndDog06,0.1,-0.0736,0.0469,0.0822,ChinaVillage,ChinaVilGuizhou
ChinaVilHebei:ChinaIndDog07,0.0486,-0.0575,0.0253,0.0366,ChinaVillage,ChinaVilHebei
ChinaVilLiaoning:ChinaIndDog01,0.0418,-0.044,0.0209,0.0364,ChinaVillage,ChinaVilLiaoning
ChinaVilLijiang:VillDog_China30,0.0772,-0.0728,0.0357,0.0665,ChinaVillage,ChinaVilLijiang
ChinaVilLijiang:VillDog_China31,0.0767,-0.0726,0.0346,0.0662,ChinaVillage,ChinaVilLijiang
ChinaVilLijiang:VillDog_China32,0.0607,-0.0616,0.0303,0.0535,ChinaVillage,ChinaVilLijiang
ChinaVilLijiang:VillDog_China38,0.071,-0.0671,0.0352,0.0663,ChinaVillage,ChinaVilLijiang
ChinaVilShanxi:ChinaIndDog08,0.0454,-0.0383,0.0189,0.031,ChinaVillage,ChinaVilShanxi
ChinaVilShanxi:ChinaIndDog09,0.0272,-0.0302,0.0178,0.0291,ChinaVillage,ChinaVilShanxi
ChinaVilShanxi:ChinaIndDog10,0.0277,-0.0262,0.0159,0.0266,ChinaVillage,ChinaVilShanxi
ChinaVilShanxi:ChinaIndDog15,0.0439,-0.0461,0.0218,0.0379,ChinaVillage,ChinaVilShanxi
ChinaVilXinjiang:ChinaIndDog11,0.0293,-0.0519,0.0113,0.0242,ChinaVillage,ChinaVilXinjiang
ChinaVilYingjiang:VillDog_China20,0.0953,-0.0629,0.0339,0.0699,ChinaVillage,ChinaVilYingjiang
ChinaVilYingjiang:VillDog_China27,0.0851,-0.0587,0.0341,0.0651,ChinaVillage,ChinaVilYingjiang
ChinaVilYingjiang:VillDog_China28,0.0781,-0.0537,0.0293,0.059,ChinaVillage,ChinaVilYingjiang
ChinaVilYingjiang:VillDog_China29,0.0947,-0.0661,0.0385,0.0727,ChinaVillage,ChinaVilYingjiang
ChinaVilYunnan:ChinaIndDog12,0.1051,-0.0744,0.048,0.0838,ChinaVillage,ChinaVilYunnan
ChinaVilYunnan:ChinaIndDog13,0.1021,-0.0674,0.0413,0.0741,ChinaVillage,ChinaVilYunnan
ChineseCrested:ChineseCrested01,-0.0154,0.0101,0.0007,0.0009,ChinaVillage,ChineseCrested
ChineseCrested:ChineseCrested05,-0.0138,0.0087,0.0028,0.0021,ChinaVillage,ChineseCrested
Chinook:Chinook01,-0.0085,-0.0051,0.0193,-0.0262,Breed,Chinook
ChongqingDog:ChongqingDog01,0.09,-0.074,0.0502,0.0996,Breed,ChongqingDog
ChowChow:ChowChow01,0.0969,-0.0804,0.0607,0.1418,Breed,ChowChow
ChowChow:ChowChow02,0.1256,-0.125,0.1003,0.2578,Breed,ChowChow
ChowChow:ChowChow03,0.0926,-0.08,0.0633,0.1481,Breed,ChowChow
ChowChow:CW011,0.119,-0.1164,0.0917,0.2308,Breed,ChowChow
ClumberSpaniel:ClumberSpaniel01,-0.0198,0.0185,-0.0002,0.0006,Breed,ClumberSpaniel
CockerSpanielAmerican:ACockerSpaniel01,-0.0203,0.0206,0.0005,-0.0005,Breed,CockerSpanielAmerican
CockerSpanielAmerican:ACockerSpaniel03,-0.0209,0.0209,-0.0005,0.0006,Breed,CockerSpanielAmerican
CockerSpanielAmerican:ACockerSpaniel04,-0.0212,0.0203,-0.0009,-0.0007,Breed,CockerSpanielAmerican
CockerSpanielAmerican:ACockerSpaniel06,-0.0211,0.0214,0.0007,-0.0003,Breed,CockerSpanielAmerican
Coonhound:Coonhound01,-0.0175,0.0152,0.0022,0.0002,Breed,Coonhound
CurlyCoatedRetriever:CR039,-0.0185,0.0178,0.0024,-0.0003,Breed,CurlyCoatedRetriever
Dachshund:CFA.107835,-0.0173,0.0135,-0.001,-0.0006,Breed,Dachshund
Dachshund:CFA.109668,-0.0178,0.014,-0.0005,0,Breed,Dachshund
Dachshund:DH0117,-0.0184,0.0149,0.0003,-0.0004,Breed,Dachshund
Dachshund:DH126,-0.0183,0.0145,-0.0012,0.0004,Breed,Dachshund
Dalmatian:DAL162K1,-0.0191,0.0168,-0.0006,-0.0004,Breed,Dalmatian
Dalmatian:Dalmatian01,-0.0185,0.0163,-0.0004,0.0006,Breed,Dalmatian
Dingo:Dingo01,0.2245,0.1063,-0.0473,-0.0321,Dingo,Dingo
Dingo:E56,0.338,0.2345,-0.1238,-0.1667,Dingo,Dingo
Dingo:Y07,0.335,0.2312,-0.1206,-0.1639,Dingo,Dingo
Dingo:Y47,0.3382,0.2333,-0.1219,-0.1645,Dingo,Dingo
Dingo_ancient:A19053_ph,0.269,0.1164,-0.0542,-0.0448,Dingo_ancient,Dingo_ancient
Dingo_ancient:A19058_ph,0.2749,0.1183,-0.0565,-0.0497,Dingo_ancient,Dingo_ancient
Dingo_ancient:D13_ph,0.2703,0.1112,-0.0493,-0.0325,Dingo_ancient,Dingo_ancient
Dingo_ancient:D16_ph,0.2774,0.1251,-0.0564,-0.0471,Dingo_ancient,Dingo_ancient
DobermanPinscher:DO242,-0.0191,0.0178,0.001,0.0006,Breed,DobermanPinscher
DobermanPinscher:Doberman01,-0.0189,0.0174,0.0006,-0.0006,Breed,DobermanPinscher
DobermanPinscher:Doberman02,-0.0189,0.0167,0.0009,0.0004,Breed,DobermanPinscher
DobermanPinscher:Doberman04,-0.0181,0.0159,-0.0001,0.0013,Breed,DobermanPinscher
DuckTollingRet:DuckTollingRet01,-0.0168,0.0126,0.0026,0.0006,Breed,DuckTollingRet
EastSiberianLaika:SiberianLaika01,0.0162,-0.0443,0.0252,-0.0016,Breed,EastSiberianLaika
EgyptVillage:VillDog_Egypt01,0.0001,-0.049,-0.0442,0.0071,Village,EgyptVillage
EgyptVillage:VillDog_Egypt02,0.0009,-0.0501,-0.0454,0.0076,Village,EgyptVillage
EnglishCockerSpaniel:CP003,-0.0209,0.0207,0.001,-0.0001,Breed,EnglishCockerSpaniel
EnglishCockerSpaniel:ECockerSpaniel01,-0.0205,0.0211,-0.0003,0.0003,Breed,EnglishCockerSpaniel
EnglishCockerSpaniel:ECockerSpaniel03,-0.0208,0.0198,-0.0004,0.0005,Breed,EnglishCockerSpaniel
EnglishCockerSpaniel:ECockerSpaniel05,-0.0208,0.0205,0.0006,-0.0005,Breed,EnglishCockerSpaniel
EnglishMastiff:EnglishMastiff01,-0.0196,0.0193,0.0046,0.0013,Breed,EnglishMastiff
EnglishMastiff:EnglishMastiff02,-0.0192,0.0182,0.0015,0.0003,Breed,EnglishMastiff
EnglishPointer:EnglishPointer01,-0.0187,0.0152,-0.0021,0.0002,Breed,EnglishPointer
EnglishPointer:EnglishPointer02,-0.02,0.0167,-0.0022,0.0016,Breed,EnglishPointer
EnglishSetter:CFA.105990,-0.0211,0.0204,-0.0013,0.0007,Breed,EnglishSetter
EnglishSetter:CFA.117996,-0.0213,0.0213,-0.0016,-0.0003,Breed,EnglishSetter
EnglishSetter:EnglishSetter01,-0.02,0.0184,-0.001,0.0003,Breed,EnglishSetter
EnglishSpringerSpaniel:SpringerSpan01,-0.0204,0.0191,0.0012,0.0002,Breed,EnglishSpringerSpaniel
EnglishSpringerSpaniel:SpringerSpan03,-0.0188,0.0175,-0.0002,0.0017,Breed,EnglishSpringerSpaniel
EntlebucherSennenhund:Entlebucher01,-0.0192,0.0195,0.0026,0,Breed,EntlebucherSennenhund
EntlebucherSennenhund:Entlebucher02,-0.0187,0.0175,0.002,0.0007,Breed,EntlebucherSennenhund
EntlebucherSennenhund:Entlebucher06,-0.0187,0.0189,0.0031,0.0002,Breed,EntlebucherSennenhund
EntlebucherSennenhund:Entlebucher08,-0.0185,0.0179,0.0027,-0.0002,Breed,EntlebucherSennenhund
FieldSpaniel:CFA.107833,-0.0204,0.0195,-0.0004,-0.0012,Breed,FieldSpaniel
FinnishLapphund:FinnishLapphund01,-0.0036,-0.0081,0.0083,-0.0034,Breed,FinnishLapphund
FlatCoatedRetriever:FlatcoatedRet01,-0.0206,0.023,0.0024,0.0003,Breed,FlatCoatedRetriever
FlatCoatedRetriever:FlatcoatedRet02,-0.0201,0.0223,0.0023,0.0001,Breed,FlatCoatedRetriever
FlatCoatedRetriever:FlatcoatedRet03,-0.02,0.0227,0.0034,-0.0013,Breed,FlatCoatedRetriever
FonnisDog:FonniDog01,-0.0154,0.0079,-0.0027,-0.001,Breed,FonnisDog
FrenchBulldog:FB065,-0.0216,0.024,0.0028,-0.0013,Breed,FrenchBulldog
FrenchBulldog:FrenchBulldog01,-0.0213,0.0228,0.0024,-0.0003,Breed,FrenchBulldog
GermanHuntingTerrier:JT007,-0.021,0.021,0.0026,-0.0011,Breed,GermanHuntingTerrier
GermanShepherdDog:DS051,-0.0189,0.0163,0.0025,-0.0039,Breed,GermanShepherdDog
GermanShepherdDog:DS053,-0.0194,0.0171,0.004,-0.0032,Breed,GermanShepherdDog
GermanShepherdDog:GermanShepherd10,-0.0185,0.014,0.0043,0.001,Breed,GermanShepherdDog
GermanShepherdDog:GermanShepherd12,-0.0189,0.0149,0.003,-0.0013,Breed,GermanShepherdDog
GermanWirehairedPointer:GermanWire01,-0.0188,0.0157,-0.001,0.0003,Breed,GermanWirehairedPointer
GoldenRetriever:GoldenRetriever02,-0.0187,0.0165,0.002,0.0046,Breed,GoldenRetriever
GoldenRetriever:GoldenRetriever03,-0.0197,0.0178,0.0032,0.0043,Breed,GoldenRetriever
GoldenRetriever:GoldenRetriever05,-0.0205,0.0193,0.0016,0.0025,Breed,GoldenRetriever
GoldenRetriever:GoldenRetriever11,-0.0203,0.0195,0.0011,0.0026,Breed,GoldenRetriever
GordonSetter:CFA.109672,-0.02,0.0182,-0.0018,-0.0013,Breed,GordonSetter
GordonSetter:GordonSetter01,-0.02,0.018,-0.0011,-0.0004,Breed,GordonSetter
GreatDane:CFA.107837,-0.0201,0.0196,-0.0004,-0.0022,Breed,GreatDane
GreatDane:CFA.117997,-0.0195,0.0179,0,-0.0013,Breed,GreatDane
GreatDane:DD116,-0.0203,0.0186,-0.0001,-0.0009,Breed,GreatDane
GreatDane:GreatDane01,-0.0202,0.0197,0.0029,-0.0014,Breed,GreatDane
GreatPyrenees:GreatPyrenees01,-0.0158,0.008,-0.0008,0.007,Breed,GreatPyrenees
GreenlandDog:GreenlandDog01,0.0604,-0.142,0.1419,-0.1998,Breed,GreenlandDog
Greyhound:Greyhound02,-0.0215,0.0226,0.0021,-0.0007,Breed,Greyhound
Greyhound:Greyhound03,-0.0212,0.0224,0.0031,-0.0019,Breed,Greyhound
Greyhound:Greyhound06,-0.0213,0.0228,0.0031,-0.0011,Breed,Greyhound
Greyhound:Greyhound08,-0.0206,0.0217,0.0038,-0.0016,Breed,Greyhound
Grossspitz:GS104,-0.0079,0.0004,0.009,0.0031,Breed,Grossspitz
Heideterrier:Heideterrier01,-0.0207,0.0222,0.0027,-0.0017,Breed,Heideterrier
Hovawart:HW1706,-0.0186,0.0176,0.0019,-0.0017,Breed,Hovawart
IndiaVillage:VillDog_India01,0.0119,-0.0591,-0.0325,0.023,Village,IndiaVillage
IndiaVillage:VillDog_India03,0.0096,-0.0466,-0.019,0.0197,Village,IndiaVillage
IndiaVillage:VillDog_India04,0.0326,-0.0991,-0.0457,0.0386,Village,IndiaVillage
IndiaVillage:VillDog_India05,0.0316,-0.0828,-0.0343,0.0299,Village,IndiaVillage
IrishSetter:IrishSetter01,-0.0197,0.0167,-0.0009,-0.0002,Breed,IrishSetter
IrishTerrier:CFA.117998,-0.0206,0.0215,0.0025,-0.0022,Breed,IrishTerrier
IrishTerrier:IrishTerrier01,-0.0199,0.019,0.0025,-0.0017,Breed,IrishTerrier
IrishWaterSpaniel:IhWaterSpan02,-0.0205,0.0195,0.0005,-0.0006,Breed,IrishWaterSpaniel
IrishWaterSpaniel:IWaterSpan01,-0.0204,0.0186,0.0004,-0.0019,Breed,IrishWaterSpaniel
IrishWaterSpaniel:IWaterSpan03,-0.0206,0.0208,0.0019,-0.0008,Breed,IrishWaterSpaniel
IrishWolfhound:IrishWolfhound01,-0.0198,0.0183,0.002,-0.001,Breed,IrishWolfhound
IstrianShorthairedHound:ISHHound01,-0.0165,0.0106,-0.0003,0.0017,Breed,IstrianShorthairedHound
ItalianGreyhound:ItalianGreyhound01,-0.0179,0.0142,-0.0009,0.0001,Breed,ItalianGreyhound
ItalianGreyhound:ItalianGreyhound02,-0.0184,0.0157,0.0005,-0.0005,Breed,ItalianGreyhound
JackRussellTerrier:JackRussellTer02,-0.0196,0.0173,0.0024,0.0003,Breed,JackRussellTerrier
JackRussellTerrier:JackRussellTer03,-0.0195,0.018,0.0004,0.0004,Breed,JackRussellTerrier
JackRussellTerrier:JackRussellTer04,-0.0199,0.0186,0.0028,-0.0007,Breed,JackRussellTerrier
JackRussellTerrier:JackRussellTer05,-0.0197,0.0181,0.0011,0.0002,Breed,JackRussellTerrier
Jamthund:Jamthund01,-0.011,0.0026,0.006,-0.0021,Breed,Jamthund
Jindo:Jindo01,0.1007,-0.1013,0.0715,0.1377,Breed,Jindo
Keeshond:Keeshond01,-0.0163,0.0112,0.0032,-0.0014,Breed,Keeshond
KerryBlueTerrier:KerryBlueTerrier02,-0.0198,0.019,0.0018,-0.0002,Breed,KerryBlueTerrier
Komondor:Komondor01,-0.0143,0.0046,-0.0023,0.0005,Breed,Komondor
Kromfohrlander:Kromfohrlander01,-0.0178,0.0143,0.0021,-0.001,Breed,Kromfohrlander
Kuri:MS11669,0.207,0.0369,-0.0088,0.0368,Kuri,Kuri
Kuri:MS11670,0.2089,0.0377,-0.0093,0.0351,Kuri,Kuri
Kuri:MS11673,0.2085,0.0383,-0.0105,0.0332,Kuri,Kuri
Kuri:MS11674,0.2079,0.0351,-0.0079,0.0356,Kuri,Kuri
Kuri:MS11675,0.21,0.0383,-0.0083,0.0352,Kuri,Kuri
Kuri:MS11676,0.2108,0.0384,-0.0099,0.0349,Kuri,Kuri
Kuri:MS11677,0.2081,0.0357,-0.0081,0.036,Kuri,Kuri
Kuri:MS11678,0.2119,0.0384,-0.01,0.0354,Kuri,Kuri
Kuri:MS11679,0.2109,0.038,-0.01,0.0343,Kuri,Kuri
Kuri:MS11683,0.2111,0.0386,-0.01,0.0343,Kuri,Kuri
Kuri:MS11684,0.2115,0.0385,-0.0102,0.0346,Kuri,Kuri
Kuri:MS11686,0.2108,0.0391,-0.0103,0.0337,Kuri,Kuri
Kuri:MS11770,0.211,0.038,-0.0095,0.0349,Kuri,Kuri
Kuri:MS11771,0.2111,0.0385,-0.0103,0.0352,Kuri,Kuri
Kuri:MS11774,0.2129,0.0388,-0.0099,0.035,Kuri,Kuri
Kuri:MS11775,0.2139,0.0391,-0.0105,0.0345,Kuri,Kuri
LabradorRetriever:LabradorRet01,-0.0196,0.0192,0.0036,-0.003,Breed,LabradorRetriever
LabradorRetriever:LabradorRet04,-0.0177,0.0179,0.0034,-0.0021,Breed,LabradorRetriever
LabradorRetriever:LabradorRet06,-0.0196,0.0197,0.0033,-0.0033,Breed,LabradorRetriever
LabradorRetriever:LabradorRet07,-0.0205,0.0208,0.0029,-0.0022,Breed,LabradorRetriever
LagottoRomagnolo:LagottoRoma02,-0.0179,0.0134,-0.0007,-0.0002,Breed,LagottoRomagnolo
LagottoRomagnolo:LagottoRoma03,-0.0177,0.0134,0.0002,0.001,Breed,LagottoRomagnolo
LagottoRomagnolo:LagottoRoma04,-0.0177,0.0131,0.0004,-0.0001,Breed,LagottoRomagnolo
LagottoRomagnolo:LR1030,-0.018,0.0155,-0.0015,-0.0007,Breed,LagottoRomagnolo
Landseer:Landseer01,-0.0179,0.0157,0.0029,-0.0019,Breed,Landseer
LapponianHerder:LappnHerder01,-0.0079,-0.0041,0.0068,0.001,Breed,LapponianHerder
LebanonVillage:VillDog_Lebanon01,-0.0162,0.0093,-0.0009,0.0004,Village,LebanonVillage
LebanonVillage:VillDog_Lebanon02,-0.0113,-0.004,-0.0077,0.0037,Village,LebanonVillage
LebanonVillage:VillDog_Lebanon03,-0.0115,-0.0031,-0.0064,0.0013,Village,LebanonVillage
Leonberger:Leonberger01,-0.018,0.0145,0.0011,-0.0007,Breed,Leonberger
Lowchen:Lowchen01,-0.0149,0.0134,0.0016,0.002,Breed,Lowchen
MiniatureBullTerrier:BT007,-0.0242,0.0321,0.0032,-0.0029,Breed,MiniatureBullTerrier
MiniaturePoodle:BAN00024,-0.0159,0.0107,0.0017,0.0022,Breed,MiniaturePoodle
MiniaturePoodle:MinPoodle01,-0.0176,0.0147,0.0015,0.0005,Breed,MiniaturePoodle
MiniatureSchnauzer:MinSchnauzer01,-0.0176,0.0129,0.0024,0.0037,Breed,MiniatureSchnauzer
MiniatureSchnauzer:MS04563,-0.0175,0.0133,0.0024,0.0023,Breed,MiniatureSchnauzer
MiniatureSchnauzer:MS04593,-0.0169,0.0124,0.0037,0.0039,Breed,MiniatureSchnauzer
NamibiaVillage:VillDog_Namibia01,-0.0065,-0.0421,-0.0671,-0.004,Village,NamibiaVillage
NamibiaVillage:VillDog_Namibia02,-0.003,-0.0663,-0.0997,-0.0072,Village,NamibiaVillage
NamibiaVillage:VillDog_Namibia03,-0.0031,-0.0703,-0.1072,-0.0071,Village,NamibiaVillage
NGSingingDog:NGSD1,0.2414,0.0811,-0.0226,0.052,NGSingingDog,NGSingingDog
NGSingingDog:NGSD2,0.2374,0.0819,-0.0219,0.0559,NGSingingDog,NGSingingDog
NGSingingDog:NGSD3,0.2392,0.0826,-0.0227,0.0524,NGSingingDog,NGSingingDog
NGSingingDog:NGSingingDog01,0.2662,0.085,-0.0236,0.0605,NGSingingDog,NGSingingDog
NigeriaVillage:IndigenousDogNigeria01,0.0024,-0.104,-0.1492,-0.0146,Village,NigeriaVillage
NigeriaVillage:IndigenousDogNigeria02,0.0062,-0.1339,-0.1891,-0.019,Village,NigeriaVillage
NigeriaVillage:IndigenousDogNigeria03,0.0077,-0.1372,-0.1911,-0.0179,Village,NigeriaVillage
NigeriaVillage:IndigenousDogNigeria04,0.0014,-0.0902,-0.1239,-0.0103,Village,NigeriaVillage
NorwegianElkhound:NorwegianElkhound01,-0.0115,0.0017,0.0072,-0.001,Breed,NorwegianElkhound
NorwegianElkhound:NorwegianElkhound02,-0.0112,-0.0005,0.0057,-0.0029,Breed,NorwegianElkhound
NorwegianLundehund:NorwegianLundehund01,-0.0147,0.0111,0.0052,-0.0012,Breed,NorwegianLundehund
NorwegianLundehund:NorwegianLundehund02,-0.0149,0.0113,0.0053,-0.0009,Breed,NorwegianLundehund
NorwegianLundehund:NorwegianLundehund03,-0.0147,0.011,0.0054,-0.0009,Breed,NorwegianLundehund
NorwichTerrier:NW062,-0.02,0.0218,0.0013,0.0006,Breed,NorwichTerrier
NorwichTerrier:NW152,-0.0204,0.0229,0.0017,0.0017,Breed,NorwichTerrier
NorwichTerrier:NW206,-0.02,0.022,0.0013,-0.0002,Breed,NorwichTerrier
NorwichTerrier:NW255,-0.0198,0.0219,0.0004,-0.0002,Breed,NorwichTerrier
PapuaNGVillage:VillDog_PapuaNG01,0.0424,0.0082,0.0071,0.022,Village,PapuaNGVillage
PapuaNGVillage:VillDog_PapuaNG02,0.0344,0.0076,0.0083,0.0208,Village,PapuaNGVillage
PapuaNGVillage:VillDog_PapuaNG03,0.0428,0.0045,0.0086,0.0243,Village,PapuaNGVillage
PembrokeWelshCorgi:PWCorgi01,-0.0186,0.0167,0.0022,-0.0002,Breed,PembrokeWelshCorgi
PembrokeWelshCorgi:PWCorgi02,-0.0196,0.0173,0.0024,-0.0003,Breed,PembrokeWelshCorgi
PembrokeWelshCorgi:PWCorgi03,-0.019,0.0185,0.0027,-0.0011,Breed,PembrokeWelshCorgi
PeruvianIncaOrchid:PeruHairless01,-0.0158,0.0103,0.0024,-0.0003,Breed,PeruvianIncaOrchid
PetitBasset:PetitBasset,-0.0166,0.0108,0.0012,0.0027,Breed,PetitBasset
Pomeranian:Pomeranian01,-0.0164,0.0116,0.0025,-0.0014,Breed,Pomeranian
Poodle:PL116,-0.0177,0.0131,0.0008,0.0014,Breed,Poodle
PortugalVillage:PT49,-0.0191,0.0157,-0.0019,0.0021,Village,PortugalVillage
PortugalVillage:VillDog_Portugal01,-0.0161,0.01,-0.0017,0.0016,Village,PortugalVillage
PortugalVillage:VillDog_Portugal02,-0.0164,0.0101,-0.0029,0.0032,Village,PortugalVillage
PortuguesePodengo:PortuPodengo01,-0.0174,0.0117,-0.0016,0.0006,Breed,PortuguesePodengo
PortugueseWaterDog:PortuaterDog09,-0.0193,0.0167,0.0002,0.0003,Breed,PortugueseWaterDog
PortugueseWaterDog:PortuWaterDog01,-0.0191,0.0166,-0.0012,0,Breed,PortugueseWaterDog
PortugueseWaterDog:PortuWaterDog02,-0.019,0.0167,-0.0009,0.0002,Breed,PortugueseWaterDog
PortugueseWaterDog:PortuWaterDog05,-0.0196,0.0178,0,-0.0005,Breed,PortugueseWaterDog
Pug:Pug02,-0.0163,0.0118,0.0008,0.002,Breed,Pug
Pug:Pug03,-0.0162,0.0121,0.0021,0.0029,Breed,Pug
Pug:Pug04,-0.0162,0.012,0.0008,0.003,Breed,Pug
Pug:Pug05,-0.0156,0.0106,0.002,0.0064,Breed,Pug
QatarVillage:VillDog_Qatar01,-0.0029,-0.0274,-0.0172,0.0067,Village,QatarVillage
QatarVillage:VillDog_Qatar02,-0.0046,-0.0202,-0.0155,0.0058,Village,QatarVillage
QingchuanDog:QingchuanDog01,0.0647,-0.065,0.0363,0.0698,Breed,QingchuanDog
RhodesianRidgeback:Ridgeback01,-0.0171,0.007,-0.0119,0.0036,Breed,RhodesianRidgeback
RhodesianRidgeback:Ridgeback02,-0.0176,0.0084,-0.0123,-0.0003,Breed,RhodesianRidgeback
RhodesianRidgeback:Ridgeback04,-0.018,0.0117,-0.0087,-0.0005,Breed,RhodesianRidgeback
RhodesianRidgeback:RR098,-0.0176,0.0107,-0.0102,-0.0004,Breed,RhodesianRidgeback
Rottweiler:168979_S18,-0.0195,0.0185,0,-0.0001,Breed,Rottweiler
Rottweiler:171515_S19,-0.0195,0.0197,-0.001,0.0003,Breed,Rottweiler
Rottweiler:Rottweiler01,-0.0187,0.0189,0.0014,0.0007,Breed,Rottweiler
Rottweiler:Rottweiler04,-0.0189,0.0188,0.0007,0.0008,Breed,Rottweiler
SaintBernard:SaintBernard01,-0.0189,0.0166,0.0025,0.0001,Breed,SaintBernard
SaintBernard:SaintBernard02,-0.0193,0.0162,0.0014,0.0001,Breed,SaintBernard
Saluki:Saluki01,0.0011,-0.0489,-0.0241,0.0162,Breed,Saluki
Saluki:Saluki02,0.0019,-0.0475,-0.0237,0.0149,Breed,Saluki
Saluki:Saluki03,0.0023,-0.0493,-0.0227,0.0173,Breed,Saluki
Samoyed:Samoyed01,0.0068,-0.0334,0.0246,-0.0218,Breed,Samoyed
Samoyed:Samoyed02,0.0099,-0.0377,0.0273,-0.0205,Breed,Samoyed
ScottishDeerhound:ScottishDeer01,-0.0203,0.0207,0.0031,-0.0018,Breed,ScottishDeerhound
ScottishTerrier:ScottishTerrier01,-0.0204,0.0219,0.0038,-0.0007,Breed,ScottishTerrier
ScottishTerrier:ScottishTerrier02,-0.0195,0.0216,0.0038,0.0002,Breed,ScottishTerrier
ScottishTerrier:ScottishTerrier03,-0.0205,0.0216,0.0034,-0.0008,Breed,ScottishTerrier
ScottishTerrier:ScottishTerrier04,-0.0202,0.0219,0.0028,-0.0008,Breed,ScottishTerrier
SharPei:NGSDOG024,0.0793,-0.0678,0.0535,0.1103,Breed,SharPei
SharPei:NGSDOG025,0.0777,-0.0619,0.0494,0.0992,Breed,SharPei
ShetlandSheepdog:ShetlandSheep01,-0.0186,0.0178,0.0039,-0.0024,Breed,ShetlandSheepdog
ShetlandSheepdog:ShetlandSheep02,-0.0186,0.0176,0.0042,-0.0025,Breed,ShetlandSheepdog
ShetlandSheepdog:SS004,-0.0184,0.0171,0.0023,-0.003,Breed,ShetlandSheepdog
ShibaInu:CFA.107839,0.0891,-0.0821,0.0733,0.1342,Breed,ShibaInu
ShibaInu:ShibaInu01,0.086,-0.0809,0.0736,0.1368,Breed,ShibaInu
SiberianHusky:SiberianHusky01,0.0508,-0.1459,0.1386,-0.2226,Breed,SiberianHusky
SiberianHusky:SiberianHusky02,0.0539,-0.1484,0.1361,-0.2138,Breed,SiberianHusky
SiberianHusky:SiberianHusky04,0.0518,-0.1439,0.1356,-0.2126,Breed,SiberianHusky
SiberianHusky:SY046,0.0547,-0.1578,0.1508,-0.2524,Breed,SiberianHusky
Sloughi:Sloughi01,-0.0111,-0.0124,-0.021,0.0023,Breed,Sloughi
Sloughi:Sloughi03,-0.0112,-0.0147,-0.0198,0.0038,Breed,Sloughi
Sloughi:Sloughi04,-0.0084,-0.0189,-0.021,0.0049,Breed,Sloughi
SoftCoatedWheatenTerrier:SCWTer01,-0.021,0.0219,0.0011,0.0022,Breed,SoftCoatedWheatenTerrier
SoftCoatedWheatenTerrier:SCWTer02,-0.0208,0.022,0.0014,0.0003,Breed,SoftCoatedWheatenTerrier
SoftCoatedWheatenTerrier:SCWTer03,-0.021,0.0226,0.0029,0.0008,Breed,SoftCoatedWheatenTerrier
SoftCoatedWheatenTerrier:SCWTer04,-0.0212,0.022,0.0019,-0.0002,Breed,SoftCoatedWheatenTerrier
SpanishGalgo:SpanishGalgo01,-0.0151,0.0124,-0.0014,0.0002,Breed,SpanishGalgo
SpanishWaterDog:SpanishWaterDog01,-0.0172,0.0119,-0.0007,0.0007,Breed,SpanishWaterDog
SpinoneItaliano:CFA.109669,-0.0175,0.0131,-0.0025,0.0003,Breed,SpinoneItaliano
StandardPoodle:CFA.107842,-0.0196,0.0174,0.0003,-0.0015,Breed,StandardPoodle
StandardPoodle:StandardPoodle01,-0.0176,0.0155,0.0018,-0.0004,Breed,StandardPoodle
StandardPoodle:StandardPoodle02,-0.0184,0.0159,0.0016,-0.0006,Breed,StandardPoodle
StandardPoodle:StandardPoodle03,-0.0187,0.0159,0,0.0002,Breed,StandardPoodle
StandardSchnauzer:CFA.107834,-0.0179,0.0154,0.0027,-0.0029,Breed,StandardSchnauzer
StandardSchnauzer:CFA.118001,-0.0179,0.0155,0.0028,-0.0021,Breed,StandardSchnauzer
StandardSchnauzer:CFA.118002,-0.0171,0.0142,0.0012,-0.003,Breed,StandardSchnauzer
StandardSchnauzer:Schnauzer01,-0.0177,0.0139,0.0027,-0.0013,Breed,StandardSchnauzer
SwedishLapphund:SwedishLapphund01,-0.0093,-0.0001,0.0069,-0.0027,Breed,SwedishLapphund
SwissMountainDog:CFA.107841,-0.0174,0.014,0.0014,-0.0008,Breed,SwissMountainDog
SwissMountainDog:SwissMountain01,-0.0178,0.0147,0.0018,-0.0012,Breed,SwissMountainDog
TaiwainVillage:VillDog_Taiwan01,0.0585,-0.0454,0.0327,0.0672,Village,TaiwainVillage
TibetanMastiff:TibetanMastiff02,0.0667,-0.1108,0.0445,0.1196,Breed,TibetanMastiff
TibetanMastiff:TibetanMastiff08,0.0692,-0.1069,0.0445,0.1127,Breed,TibetanMastiff
TibetanMastiff:TibetanMastiff10,0.0596,-0.1068,0.0411,0.1042,Breed,TibetanMastiff
TibetanMastiff:TibetanMastiff11,0.0606,-0.1097,0.0418,0.1087,Breed,TibetanMastiff
TibetanTerrier:TibetanTerrier01,-0.0008,-0.0062,0.0045,0.0132,Breed,TibetanTerrier
TibetanTerrier:TibetanTerrier02,0.0023,-0.0103,0.0045,0.0175,Breed,TibetanTerrier
Tornjak:Tornjak01,-0.0141,0.0048,-0.0025,0.0028,Breed,Tornjak
ToyPoodle:ToyPoodle01,-0.018,0.0147,0.001,0,Breed,ToyPoodle
VietnamVillage:IndDogVietnam01,0.1144,-0.0969,0.0675,0.1376,VietnamVillage,VietnamVillage
VietnamVillage:IndDogVietnam02,0.1181,-0.0999,0.07,0.1428,VietnamVillage,VietnamVillage
VietnamVillage:IndDogVietnam04,0.115,-0.0963,0.0694,0.1432,VietnamVillage,VietnamVillage
VietnamVillage:IndDogVietnam05,0.1126,-0.095,0.0641,0.1283,VietnamVillage,VietnamVillage
Vizsla:Vizsla01,-0.0185,0.0141,-0.0011,-0.0005,Breed,Vizsla
WestHighlandWhiteTerrier:WHWTerr02,-0.02,0.0216,0.0045,-0.0017,Breed,WestHighlandWhiteTerrier
WestHighlandWhiteTerrier:WHWTerr03,-0.02,0.0201,0.0037,-0.0012,Breed,WestHighlandWhiteTerrier
WestHighlandWhiteTerrier:WHWTerr06,-0.0186,0.0187,0.0035,-0.0019,Breed,WestHighlandWhiteTerrier
WestHighlandWhiteTerrier:WW558,-0.0195,0.0211,0.0027,-0.003,Breed,WestHighlandWhiteTerrier
Whippet:Whippet01,-0.0199,0.0208,0.0023,-0.0005,Breed,Whippet
XiasiDog:XiasiDog01,0.0958,-0.0731,0.053,0.1002,Breed,XiasiDog
Xoloitzcuintli:MexicanHairless01,-0.0144,0.0083,0.0033,-0.0012,Breed,Xoloitzcuintli
Xoloitzcuintli:Xoloitzcuintli01,-0.0096,0.0034,0.0065,0.0006,Breed,Xoloitzcuintli
YorkshireTerrier:BAN00032,-0.0187,0.0174,0.0023,0.0023,Breed,YorkshireTerrier
YorkshireTerrier:PER00075,-0.0183,0.0176,0.0021,0.001,Breed,YorkshireTerrier
YorkshireTerrier:PER00204,-0.0191,0.0179,0.0014,0.0016,Breed,YorkshireTerrier
YorkshireTerrier:YorkshireTerrier02,-0.0184,0.0176,0.0036,0.0009,Breed,YorkshireTerrier