,PC1,PC2,labels,name
SRR14842336,-4.3554807,5.3870716,Canis_familiaris,SRR14842336
MS11102,7.575138,13.144958,Sediment,MS11102
SRR14842425,-4.110176,-3.0658941,Canis_familiaris,SRR14842425
SRR2240729,12.070303,-13.764379,Homo_sapiens,SRR2240729
SRR2241305,15.1087675,-9.203771,Homo_sapiens,SRR2241305
SRR2175658,8.766832,-5.65182,Homo_sapiens,SRR2175658
SRR2175654,8.704953,-9.740128,Homo_sapiens,SRR2175654
SRR1952521,10.637142,-14.485566,Homo_sapiens,SRR1952521
SRR1952621,11.192685,-13.07692,Homo_sapiens,SRR1952621
SRR24222623,3.1231978,16.587166,Sediment,SRR24222623
SRR14842412,-3.8613079,1.4896299,Canis_familiaris,SRR14842412
SRR14842388,-13.013031,1.5529255,Canis_familiaris,SRR14842388
SRR25620753,-4.245044,16.097963,Sediment,SRR25620753
SRR25620795,-2.6575816,17.322453,Sediment,SRR25620795
SRR1952518,10.226707,-9.123019,Homo_sapiens,SRR1952518
SRR14842397,-10.06898,4.1527843,Canis_familiaris,SRR14842397
SRR14842393,-9.284636,-7.577383,Canis_familiaris,SRR14842393
SRR2240837,14.835544,-13.236488,Homo_sapiens,SRR2240837
MS10903,4.1045694,18.741995,Sediment,MS10903
SRR2175756,14.989898,-4.5727806,Homo_sapiens,SRR2175756
SRR14842371,-5.1035767,-4.3777466,Canis_familiaris,SRR14842371
SRR14842338,-5.7838306,-0.15773469,Canis_familiaris,SRR14842338
SRR14842369,-9.302878,0.04567523,Canis_familiaris,SRR14842369
SRR14842330,-12.465437,-8.94418,Canis_familiaris,SRR14842330
SRR2175726,10.588107,-6.652321,Homo_sapiens,SRR2175726
SRR14842405,-12.084423,-7.5538445,Canis_familiaris,SRR14842405
SRR14842321,-1.3072737,-2.20516,Canis_familiaris,SRR14842321
SRR14842347,-6.0266867,3.8621197,Canis_familiaris,SRR14842347
MS11108,7.501365,11.262575,Sediment,MS11108
SRR14842375,-10.7057705,1.7657099,Canis_familiaris,SRR14842375
SRR14842341,0.22188379,4.192307,Canis_familiaris,SRR14842341
ERR12814467,-1.7276982,19.847712,Sediment,ERR12814467
MS11107,6.525314,13.8559265,Sediment,MS11107
SRR14842329,5.205182,-4.972298,Canis_familiaris,SRR14842329
SRR14842408,-4.95071,-2.7717376,Canis_familiaris,SRR14842408
SRR14842358,-11.059054,-10.190285,Canis_familiaris,SRR14842358
SRR14842354,-5.0728326,-6.6181507,Canis_familiaris,SRR14842354
SRR14842366,-7.0757446,2.3099568,Canis_familiaris,SRR14842366
SRR14842384,-8.487403,-3.6775784,Canis_familiaris,SRR14842384
SRR2175670,12.356023,-6.4490747,Homo_sapiens,SRR2175670
SRR2241109,13.167408,-9.96373,Homo_sapiens,SRR2241109
SRR24222627,5.923627,12.017808,Sediment,SRR24222627
SRR14842362,-7.8595023,-6.809298,Canis_familiaris,SRR14842362
SRR14842416,-3.6794844,4.08352,Canis_familiaris,SRR14842416
SRR14842420,4.020414,-3.9291341,Canis_familiaris,SRR14842420
SRR1952613,15.832425,-6.5814247,Homo_sapiens,SRR1952613
MS10902,4.000916,18.17021,Sediment,MS10902
SRR2175779,9.676502,-11.263684,Homo_sapiens,SRR2175779
SRR2175773,12.428774,-3.7443318,Homo_sapiens,SRR2175773
SRR2175764,7.9882584,-11.142226,Homo_sapiens,SRR2175764
SRR14842419,-14.391351,1.1250519,Canis_familiaris,SRR14842419
SRR2241505,13.452686,-11.590643,Homo_sapiens,SRR2241505
SRR14842387,-9.714392,-3.4953232,Canis_familiaris,SRR14842387
SRR1952617,13.091118,-12.3900585,Homo_sapiens,SRR1952617
SRR14842417,-6.027537,1.492141,Canis_familiaris,SRR14842417
SRR14842345,-9.653579,-11.196886,Canis_familiaris,SRR14842345
SRR1952457,11.332643,-10.189477,Homo_sapiens,SRR1952457
SRR14842411,-5.739968,8.430613,Canis_familiaris,SRR14842411
SRR14842327,-1.2654531,7.919834,Canis_familiaris,SRR14842327
SRR1952058,9.176691,-3.172277,Homo_sapiens,SRR1952058
SRR14842389,-12.11859,-10.768914,Canis_familiaris,SRR14842389
SRR14842385,-1.8418525,0.6536835,Canis_familiaris,SRR14842385
SRR2241409,9.919801,-13.121507,Homo_sapiens,SRR2241409
SRR1952522,14.486731,-6.142942,Homo_sapiens,SRR1952522
SRR2241306,9.986949,-14.378092,Homo_sapiens,SRR2241306
SRR14842422,-2.3376796,-1.4202521,Canis_familiaris,SRR14842422
SRR14842376,-1.2806545,-2.2605104,Canis_familiaris,SRR14842376
SRR14842400,-11.198506,-9.065271,Canis_familiaris,SRR14842400
SRR14842373,-11.95628,0.030999962,Canis_familiaris,SRR14842373
SRR1952455,12.761789,-11.373666,Homo_sapiens,SRR1952455
SRR7774477,0.98386437,17.213238,Sediment,SRR7774477
SRR7774469,3.8865442,13.022078,Sediment,SRR7774469
SRR14842374,-3.4343386,-0.014410291,Canis_familiaris,SRR14842374
SRR1952459,11.645797,-9.968617,Homo_sapiens,SRR1952459
ERR12074384,6.596818,11.183048,Sediment,ERR12074384
SRR7774471,-0.73853755,16.890957,Sediment,SRR7774471
SRR14842423,-3.8756175,-2.7085643,Canis_familiaris,SRR14842423
SRR14842349,-2.5934958,3.0765567,Canis_familiaris,SRR14842349
SRR2241023,15.380718,-9.272618,Homo_sapiens,SRR2241023
SRR14842322,-5.633484,8.246583,Canis_familiaris,SRR14842322
SRR25620756,-3.719881,18.104555,Sediment,SRR25620756
ERR12814476,-1.1231726,20.849257,Sediment,ERR12814476
SRR14842323,-5.2807603,7.5565505,Canis_familiaris,SRR14842323
SRR14842352,-4.8797407,-5.489751,Canis_familiaris,SRR14842352
ERR12814471,-2.4802272,19.23889,Sediment,ERR12814471
SRR14842396,-2.6408648,4.025421,Canis_familiaris,SRR14842396
SRR2240921,11.0257435,-7.9597073,Homo_sapiens,SRR2240921
SRR2175755,11.6564665,-10.847901,Homo_sapiens,SRR2175755
SRR14842402,-13.773802,0.4121181,Canis_familiaris,SRR14842402
SRR14842370,-9.941984,3.9662569,Canis_familiaris,SRR14842370
SRR2240287,12.7761135,-7.8183045,Homo_sapiens,SRR2240287
SRR14842334,-5.910648,1.1655357,Canis_familiaris,SRR14842334
SRR14842361,-10.030423,-9.947638,Canis_familiaris,SRR14842361
SRR7774474,-0.0657178,17.148405,Sediment,SRR7774474
SRR14842379,-16.112154,-3.0377057,Canis_familiaris,SRR14842379
SRR25620676,-4.1377406,17.255268,Sediment,SRR25620676
SRR14842320,-10.228739,-7.444478,Canis_familiaris,SRR14842320
SRR2175724,12.663287,-3.9510999,Homo_sapiens,SRR2175724
SRR2175804,13.849822,-13.125168,Homo_sapiens,SRR2175804
SRR14842415,0.6286893,7.1072235,Canis_familiaris,SRR14842415
ERR1560093,2.5261912,13.728795,Sediment,ERR1560093
SRR2175725,13.285217,-14.91435,Homo_sapiens,SRR2175725
SRR2175723,10.749622,-3.772588,Homo_sapiens,SRR2175723
SRR14842368,-10.23143,-8.740208,Canis_familiaris,SRR14842368
SRR2175780,13.272012,-15.572055,Homo_sapiens,SRR2175780
SRR14842325,-1.0754098,4.2651486,Canis_familiaris,SRR14842325
SRR14842339,-0.438854,1.3159655,Canis_familiaris,SRR14842339
SRR1952562,11.549154,-12.325396,Homo_sapiens,SRR1952562
SRR14842383,-8.972012,-6.0345097,Canis_familiaris,SRR14842383
SRR14842380,-6.5322523,-8.618085,Canis_familiaris,SRR14842380
SRR14842381,-8.557747,-0.8487903,Canis_familiaris,SRR14842381
SRR2175767,13.644739,-8.192401,Homo_sapiens,SRR2175767
SRR14842372,-12.942908,0.70673317,Canis_familiaris,SRR14842372
SRR24222629,3.5611005,15.958589,Sediment,SRR24222629
SRR2175774,10.585257,-7.4099402,Homo_sapiens,SRR2175774
SRR14842365,-9.68733,-5.255266,Canis_familiaris,SRR14842365
SRR14842348,-6.5707383,3.5682511,Canis_familiaris,SRR14842348
SRR14842392,0.20786607,-2.1805422,Canis_familiaris,SRR14842392
SRR14842337,-6.092378,-2.7958975,Canis_familiaris,SRR14842337
ERR12814474,-2.0437243,20.585691,Sediment,ERR12814474
MS10790,4.6879687,17.414804,Sediment,MS10790
SRR7774470,1.9317554,17.929329,Sediment,SRR7774470
SRR2240290,10.8298435,-6.578578,Homo_sapiens,SRR2240290
SRR14842398,-7.9148455,-0.7796123,Canis_familiaris,SRR14842398
SRR14842390,-11.891138,-9.553457,Canis_familiaris,SRR14842390
SRR14842404,-8.83679,-8.389502,Canis_familiaris,SRR14842404
ERR1560095,3.1092684,14.316168,Sediment,ERR1560095
SRR14842353,-3.8896475,-4.6724143,Canis_familiaris,SRR14842353
SRR1944873,9.704441,-4.084001,Homo_sapiens,SRR1944873
SRR2175776,8.866366,-9.943288,Homo_sapiens,SRR2175776
ERR12074385,4.2381434,14.286561,Sediment,ERR12074385
SRR24222626,4.838206,13.258653,Sediment,SRR24222626
SRR14842367,-7.6661854,-11.176261,Canis_familiaris,SRR14842367
SRR2240728,14.268369,-15.085207,Homo_sapiens,SRR2240728
SRR14842403,-7.6612425,-2.6828263,Canis_familiaris,SRR14842403
SRR2175647,8.271764,-4.2730236,Homo_sapiens,SRR2175647
SRR1952575,10.585108,-11.742881,Homo_sapiens,SRR1952575
SRR14842399,-9.946597,2.2622032,Canis_familiaris,SRR14842399
SRR1952620,13.166165,-13.988164,Homo_sapiens,SRR1952620
SRR14842395,-9.195295,1.2563612,Canis_familiaris,SRR14842395
SRR7774472,9.354468,8.148625,Sediment,SRR7774472
SRR1952618,12.35412,-13.061121,Homo_sapiens,SRR1952618
SRR14842344,-7.545851,4.3067217,Canis_familiaris,SRR14842344
SRR7774476,0.8953183,17.125832,Sediment,SRR7774476
SRR14842331,-10.657098,-2.556109,Canis_familiaris,SRR14842331
SRR1952531,14.128748,-5.9092345,Homo_sapiens,SRR1952531
SRR2175727,8.946008,-13.147629,Homo_sapiens,SRR2175727
SRR14842332,3.383391,-3.9971173,Canis_familiaris,SRR14842332
SRR14842418,-16.116678,-3.0301018,Canis_familiaris,SRR14842418
SRR1952501,10.65254,-5.43427,Homo_sapiens,SRR1952501
SRR25620786,-2.9288845,18.155546,Sediment,SRR25620786
SRR14842426,-1.7695681,4.37664,Canis_familiaris,SRR14842426
SRR2175792,14.280447,-5.158202,Homo_sapiens,SRR2175792
SRR14842357,-11.083973,-5.3473306,Canis_familiaris,SRR14842357
SRR14842355,-11.449854,-11.158941,Canis_familiaris,SRR14842355
SRR14842340,-0.31429657,1.5919987,Canis_familiaris,SRR14842340
SRR14842333,1.9506265,0.529431,Canis_familiaris,SRR14842333
SRR14842407,-10.372835,5.666987,Canis_familiaris,SRR14842407
SRR25620681,-3.2805872,17.020847,Sediment,SRR25620681
SRR14842351,-6.123,-3.8524778,Canis_familiaris,SRR14842351
SRR14842356,4.0802603,-5.312113,Canis_familiaris,SRR14842356
SRR14842386,-11.040922,-3.5157332,Canis_familiaris,SRR14842386
SRR14842421,4.5965915,-4.578393,Canis_familiaris,SRR14842421
SRR14842394,-11.255859,-0.59742415,Canis_familiaris,SRR14842394
SRR14842391,-11.524781,-2.7493603,Canis_familiaris,SRR14842391
SRR14842377,-11.303242,-4.636507,Canis_familiaris,SRR14842377
SRR14842326,-1.2603039,7.9344587,Canis_familiaris,SRR14842326
SRR14842378,-11.112679,-8.452892,Canis_familiaris,SRR14842378
SRR2175649,10.917222,-2.3846056,Homo_sapiens,SRR2175649
SRR25620790,-2.8177605,16.98268,Sediment,SRR25620790
MS11103,7.242495,12.803959,Sediment,MS11103
SRR7774473,9.340754,8.129728,Sediment,SRR7774473
SRR2175768,12.710904,-6.3542523,Homo_sapiens,SRR2175768
MS10904,3.521399,18.48765,Sediment,MS10904
SRR24222625,3.891867,14.758592,Sediment,SRR24222625
SRR14842350,-3.7821066,3.2540116,Canis_familiaris,SRR14842350
ERR12074386,6.368756,11.419274,Sediment,ERR12074386
SRR14842409,-5.0102863,-3.6069453,Canis_familiaris,SRR14842409
SRR1952418,9.688137,-4.781403,Homo_sapiens,SRR1952418
SRR1952344,14.433237,-13.927868,Homo_sapiens,SRR1952344
SRR14842359,-10.58088,-4.970031,Canis_familiaris,SRR14842359
SRR14842406,-4.555918,-5.0419426,Canis_familiaris,SRR14842406
SRR14842324,-5.6860566,-9.091628,Canis_familiaris,SRR14842324
SRR2175777,9.165686,-7.171012,Homo_sapiens,SRR2175777
SRR14842335,-3.2895362,5.1036997,Canis_familiaris,SRR14842335
ERR1560094,3.1272004,15.448422,Sediment,ERR1560094
SRR14842410,-4.8129735,-2.04589,Canis_familiaris,SRR14842410
SRR14842363,-14.082004,2.7492568,Canis_familiaris,SRR14842363
SRR14842401,-10.561985,-9.393341,Canis_familiaris,SRR14842401
SRR14842364,-8.70783,-8.954792,Canis_familiaris,SRR14842364
SRR14842382,-8.990368,-4.278792,Canis_familiaris,SRR14842382
SRR14842328,-0.7712533,0.9799022,Canis_familiaris,SRR14842328
SRR14842346,0.6343766,1.1886563,Canis_familiaris,SRR14842346
ERR12814470,-1.2744447,19.313211,Sediment,ERR12814470
SRR14842343,-1.0993488,-4.0639467,Canis_familiaris,SRR14842343
SRR14842414,-12.705024,-8.12826,Canis_familiaris,SRR14842414
SRR14842342,-4.395842,4.522627,Canis_familiaris,SRR14842342
MS11679_kraken_2024-standard_conf0,2.2273927,6.876058,known,MS11679_kraken_2024-standard_conf0
MS11669_kraken_2024-standard_conf0,2.350686,9.823542,known,MS11669_kraken_2024-standard_conf0
MS11774_kraken_2024-standard_conf0,5.0919547,6.7460704,known,MS11774_kraken_2024-standard_conf0
MS11675_kraken_2024-standard_conf0,4.9694486,4.837006,known,MS11675_kraken_2024-standard_conf0
MS11683_kraken_2024-standard_conf0,2.2230005,6.977889,known,MS11683_kraken_2024-standard_conf0
MS11686_kraken_2024-standard_conf0,3.6599002,7.2064486,known,MS11686_kraken_2024-standard_conf0
MS11673_kraken_2024-standard_conf0,5.337544,15.555529,known,MS11673_kraken_2024-standard_conf0
MS11771_kraken_2024-standard_conf0,4.0058503,9.566287,known,MS11771_kraken_2024-standard_conf0
MS11775_kraken_2024-standard_conf0,5.366124,-2.8597775,known,MS11775_kraken_2024-standard_conf0
MS11677_kraken_2024-standard_conf0,3.9678233,7.0012274,known,MS11677_kraken_2024-standard_conf0
MS11670_kraken_2024-standard_conf0,5.7673783,8.568485,known,MS11670_kraken_2024-standard_conf0
MS11770_kraken_2024-standard_conf0,2.937902,8.997605,known,MS11770_kraken_2024-standard_conf0
MS11676_kraken_2024-standard_conf0,5.169904,8.214308,known,MS11676_kraken_2024-standard_conf0
MS11674_kraken_2024-standard_conf0,4.890209,8.882712,known,MS11674_kraken_2024-standard_conf0
MS11684_kraken_2024-standard_conf0,3.2657015,8.538406,known,MS11684_kraken_2024-standard_conf0
MS11678_kraken_2024-standard_conf0,5.857884,7.169871,known,MS11678_kraken_2024-standard_conf0
