PairIndividuals	Rel	Zup	Zdown	P0_mean	Nonnormalized_P0	Nonnormalized_P0_serr	1st_Type	Perc_Win_1stdeg_P0	OverlapNSNPs	NSNPsXNorm	KinshipCoefficient	KinshipCoefficient_95percCI[min,max]
MS11669,MS11670	Second Degree	0.5625707053253114	1.2200310180716205	0.8766634676119663	0.3689189189189189	0.022131710092527887	N/A	0.7983870967741935	740	311.40798046900795	0.12333653238803366	0.7735837961473582,0.9797431390765745
MS11669,MS11673	Unrelated	NA	1.599431529431058	1.0007657693004983	0.42114384748700173	0.02486775837501617	N/A	0.8403361344537815	577	242.81406044678053	-0.0007657693004983201	0.8849428006893485,1.1165887379116481
MS11669,MS11674	Unrelated	NA	5.813344940279502	1.0825190455745752	0.45554739162380603	0.012759920787448052	N/A	0.7829457364341085	2722	1145.4763822116752	-0.08251904557457523	1.0230890043719012,1.1419490867772493
MS11669,MS11675	Unrelated	NA	2.2484646569161146	0.9808664499469012	0.41276978417266186	0.013965179928601246	N/A	0.7795275590551181	2224	935.9072277879375	0.019133550053098802	0.9158228472173331,1.0459100526764693
MS11669,MS11676	Unrelated	NA	5.513835337589217	1.0391457651175737	0.4372949785516023	0.010142741749035733	N/A	0.7615384615384615	3963	1667.7159818901061	-0.03914576511757373	0.9919053809416598,1.0863861492934876
MS11669,MS11677	Unrelated	NA	7.987464228853749	1.1472122221601184	0.48277167739492616	0.012695156286634209	N/A	0.7777777777777778	2641	1111.3898329981757	-0.14721222216011842	1.0880838252243605,1.2063406190958763
MS11669,MS11678	Unrelated	NA	3.5435274862822457	1.0263369722515254	0.4319047619047619	0.014261266894264765	N/A	0.7734375	2100	883.7253499796171	-0.026336972251525426	0.9599143280010831,1.0927596165019677
MS11669,MS11679	Unrelated	NA	3.9312057387115025	1.0346539896564184	0.43540474243663124	0.01374519049685103	N/A	0.7906976744186046	2446	1029.3296219286399	-0.034653989656418416	0.9706349999484241,1.0986729793644128
MS11669,MS11683	Unrelated	NA	3.550241926349718	1.0097919595804494	0.42494226327944573	0.012273161521845532	N/A	0.7222222222222222	2598	1093.294504403355	-0.009791959580449427	0.9526290267472096,1.0669548924136893
MS11669,MS11684	Unrelated	NA	4.726595597414448	1.0569339607191868	0.44478063540090773	0.013415800742476754	N/A	0.7265625	2644	1112.6522977838608	-0.05693396071918677	0.9944491221239061,1.1194187993144675
MS11669,MS11686	Unrelated	NA	5.866037040960967	1.0624180672163936	0.44708846584546474	0.011203286769387855	N/A	0.7578125	3572	1503.174738155806	-0.06241806721639365	1.010238135585074,1.1145979988477133
MS11669,MS11770	Unrelated	NA	3.477614139162774	1.07635647332741	0.45295404814004375	0.02058436462463598	N/A	0.8650793650793651	914	384.6309380387477	-0.07635647332741002	0.9804836494948066,1.1722292971600135
MS11669,MS11771	Unrelated	NA	3.56164180408067	1.0499947486689025	0.4418604651162791	0.016983991588161773	N/A	0.8174603174603174	1419	597.1458436290842	-0.04999474866890252	0.9708908626272876,1.1290986347105174
MS11669,MS11774	Unrelated	NA	7.184969666686948	1.1817981986847568	0.49732620320855614	0.016138778298600262	N/A	0.8671875	1496	629.5491064616701	-0.18179819868475677	1.106630940578411,1.2569654567911026
MS11669,MS11775	Unrelated	NA	4.90322459361179	1.1266226549039966	0.47410714285714284	0.018913588478536986	N/A	0.8	1120	471.32018665579585	-0.1266226549039966	1.0385315639565051,1.214713745851488
MS11670,MS11674	Unrelated/Consistent with Third Degree	1.3126222940868268	0.5446871618329058	0.9199968802678733	0.38715455475946775	0.010620746162390313	N/A	0.6875	3908	1644.5707941525447	0.0800031197321267	0.8705301639341088,0.9694635966016378
MS11670,MS11675	Second Degree	2.7928959504762156	0.5753441840839782	0.8285138574160527	0.3486565231466494	0.01171294889217063	N/A	0.7007874015748031	3089	1299.917907660494	0.17148614258394734	0.7739601460833561,0.8830675687487493
MS11670,MS11676	Unrelated	NA	2.3999676835589705	0.9556014476440811	0.40213772560014016	0.008653514406333553	N/A	0.6589147286821705	5707	2401.6288439684167	0.04439855235591894	0.9152972226976196,0.9959056725905425
MS11670,MS11677	Unrelated	NA	6.095110058919545	1.060087670142083	0.44610778443113774	0.010621336305596744	N/A	0.676923076923077	4008	1686.6529536753837	-0.06008767014208294	1.0106182051834909,1.109557135100675
MS11670,MS11678	Unrelated/Consistent with Third Degree	0.5547813924242103	1.0378823267699142	0.9367967710986451	0.39422431161853594	0.012385547582079631	N/A	0.625	2978	1253.2067105901428	0.06320322890135488	0.8791103939351796,0.9944831482621106
MS11670,MS11679	Second Degree	0.8322749193794655	2.8148554080197754	0.8848562556893971	0.37236662106703144	0.010817278520670418	N/A	0.5813953488372093	3655	1538.1029305597622	0.11514374431060292	0.8344741789592157,0.9352383324195784
MS11670,MS11683	Unrelated/Consistent with Third Degree	1.5397259401622654	0.3297825663047991	0.9145187817370516	0.38484925259690905	0.010551442910312459	N/A	0.6666666666666666	3947	1660.982836366452	0.08548121826294841	0.865374849156813,0.9636627143172902
MS11670,MS11684	Second Degree	1.5184666667785343	2.29085013513652	0.868879453675546	0.3656432377569145	0.01035671922398993	N/A	0.5625	3941	1658.4579067950815	0.13112054632445402	0.8206424575014227,0.9171164498496692
MS11670,MS11686	Unrelated/Consistent with Third Degree	0.46025508973977686	1.7494103855623604	0.9433613241980771	0.3969868173258004	0.008927148700476263	N/A	0.609375	5310	2234.5626706627463	0.056638675801922944	0.9017826322979208,0.9849400160982333
MS11670,MS11771	Unrelated/Consistent with Third Degree	1.1403348956345352	0.18366508745033774	0.912752493266031	0.3841059602649007	0.014898801003282367	N/A	0.6929133858267716	1963	826.0727914333279	0.08724750673396897	0.8433604984217905,0.9821444881102716
MS11670,MS11774	Unrelated	NA	7.048751681202058	1.1578805651177857	0.4872611464968153	0.015022741700985758	N/A	0.8661417322834646	1884	792.8278854102851	-0.1578805651177857	1.0879113095762494,1.227849820659322
MS11673,MS11670	Second Degree	0.8186850451629462	1.0865788875955416	0.8659659628834714	0.36441717791411044	0.020706855294080895	N/A	0.808	815	342.96960011113714	0.13403403711652861	0.7695226319408852,0.9624092938260576
MS11673,MS11674	Unrelated	NA	1.629964565648512	0.954932713924838	0.4018563080096253	0.012568823743568082	N/A	0.7131782945736435	2909	1224.170020519384	0.04506728607516197	0.8963927178392675,1.0134727100104086
MS11673,MS11675	Unrelated/Consistent with Third Degree	0.060426773821512916	1.352560719582901	0.9511203785605994	0.4002519949601008	0.013960500265153388	N/A	0.6976744186046512	2381	1001.9762182387946	0.04887962143940061	0.8860985716239796,1.016142185497219
MS11673,MS11676	Unrelated	NA	2.4553939136943654	0.9669061477338993	0.406894987525516	0.010395650452429036	N/A	0.7286821705426356	4409	1855.4024133619678	0.03309385226610073	0.918487827196659,1.0153244682711395
MS11673,MS11677	Unrelated	NA	6.629490949543927	1.0961584820953092	0.4612871610584776	0.01205486077151186	N/A	0.7441860465116279	3061	1288.134902994099	-0.0961584820953092	1.0400122971559644,1.152304667034654
MS11673,MS11678	Unrelated	NA	2.566812606505175	0.9896227457991401	0.4164546225614928	0.013668723535503793	N/A	0.7265625	2358	992.2973215485416	0.010377254200859887	0.9259599052192798,1.0532855863790005
MS11673,MS11679	Unrelated	NA	2.8609259702972922	0.9906265106541235	0.4168770284890011	0.012411176724570646	N/A	0.7421875	2773	1166.938283568323	0.009373489345876451	0.9328207643331529,1.0484322569750941
MS11673,MS11683	Unrelated	NA	3.676195714859959	1.0119831456629542	0.42586436170212766	0.012103488083222199	N/A	0.75	3008	1265.8313584469945	-0.01198314566295422	0.9556104763130351,1.0683558150128734
MS11673,MS11684	Unrelated	NA	3.008231781685465	0.9943509940022556	0.4184443715129636	0.012324449553040592	N/A	0.6976744186046512	3047	1282.2434006609017	0.005649005997744427	0.9369491843093628,1.0517528036951485
MS11673,MS11686	Unrelated	NA	2.5684845136511383	0.9689165142837814	0.4077409931840312	0.010267308355624921	N/A	0.6666666666666666	4108	1728.7351131982225	0.03108348571621855	0.9210959542051022,1.0167370743624606
MS11673,MS11770	Unrelated/Consistent with Third Degree	0.16833643564477094	0.8412725267666316	0.9453093300578455	0.39780658025922233	0.019538269776464848	N/A	0.889763779527559	1003	422.0840600140743	0.054690669942154546	0.8543087511995111,1.0363099089161798
MS11673,MS11771	Unrelated	NA	3.8747145989436484	1.054756302428154	0.44386422976501305	0.016128841878140687	N/A	0.84251968503937	1532	644.6986838898922	-0.0547563024281541	0.979635323753096,1.1298772811032123
MS11673,MS11774	Unrelated	NA	7.658524657487119	1.2250198550556608	0.5155148095909732	0.017515806883784416	N/A	0.8976377952755905	1418	596.7250220338558	-0.2250198550556608	1.1434390096772642,1.3066007004340574
MS11673,MS11775	Unrelated	NA	2.17878100538398	0.9980073978167634	0.41998306519898393	0.017722522101963706	N/A	0.7952755905511811	1181	496.99030396472756	0.0019926021832366025	0.9154637648052569,1.0805510308282698
MS11674,MS11676	Third Degree	3.1050530338777835	0.8449616516377148	0.916277197510368	0.38558923192771083	0.004993908591951574	N/A	0.6793893129770993	21248	8941.617255412812	0.08372280248963204	0.893017790314516,0.9395366047062199
MS11674,MS11686	Third Degree	0.5523506334086049	2.99973827418079	0.9458359268335855	0.3980281835544314	0.005553355445068994	N/A	0.5954198473282443	19373	8152.576764359583	0.05416407316641447	0.919970864784125,0.971700988883046
MS11675,MS11674	Unrelated	NA	7.159341508028608	1.020021027728924	0.4292468760553867	0.006687389521224629	N/A	0.7615384615384615	11844	4984.210973885041	-0.02002102772892389	0.9888741388567246,1.0511679166011232
MS11675,MS11676	Unrelated	NA	7.11541589356999	1.0099888515874627	0.42502511968792483	0.006135347485682108	N/A	0.7251908396946565	16919	7119.880569669116	-0.009988851587462655	0.9814131292189123,1.038564573956013
MS11675,MS11677	Unrelated	NA	11.964390563408719	1.1005570117727914	0.46313815733401514	0.006834329439926873	N/A	0.823076923076923	11733	4937.4997768146895	-0.10055701177279142	1.0687257420515055,1.1323882814940773
MS11675,MS11678	Unrelated	NA	5.08959166581028	0.9992342306995019	0.4204993429697766	0.007688194822564287	N/A	0.6870229007633588	9132	3842.9428076256495	0.0007657693004980981	0.963426035437926,1.0350424259610778
MS11675,MS11679	Unrelated	NA	4.9036984562936565	0.98436683618457	0.41424282229311316	0.006703766944558814	N/A	0.6717557251908397	10658	4485.116561944172	0.015633163815430007	0.9531436685517296,1.0155900038174104
MS11675,MS11683	Unrelated	NA	6.4790849484622886	1.0134176349885544	0.4264680257884649	0.006960621055515042	N/A	0.7076923076923077	11478	4830.19027003145	-0.013417634988554417	0.9809981550390874,1.0458371149380215
MS11675,MS11684	Third Degree	1.5302436409425177	1.3485288123640116	0.9282080703598015	0.3906100008726765	0.006852230454572275	N/A	0.5343511450381679	11459	4822.194659722111	0.07179192964019854	0.8962934256665492,0.9601227150530537
MS11675,MS11686	Third Degree	0.06419527156516389	3.0689073698808667	0.9521645611957263	0.4006914095623247	0.006295999376268928	N/A	0.6030534351145038	15331	6451.6158764464335	0.047835438804273656	0.9228405937059168,0.9814885286855359
MS11677,MS11674	Unrelated	NA	12.892153321386635	1.091863419111997	0.45947970580223374	0.006058734579034998	N/A	0.9007633587786259	14684	6179.344304333666	-0.09186341911199691	1.0636445256199372,1.1200823126040567
MS11677,MS11676	Unrelated	NA	15.082949961031515	1.0926191140723092	0.45979771856093843	0.005199788376135878	N/A	0.9007633587786259	21653	9112.05000148031	-0.09261911407230916	1.068400810323674,1.1168374178209444
MS11677,MS11683	Unrelated	NA	15.297936343066047	1.103947122217841	0.46456478901950127	0.005438329489551234	N/A	0.9389312977099237	14717	6193.231416976203	-0.10394712221784097	1.0786177999578095,1.1292764444778725
MS11677,MS11684	Unrelated	NA	10.605922387517927	1.0591609842307326	0.44571781498764756	0.006067199245928027	N/A	0.8244274809160306	14572	6132.212285668086	-0.05916098423073257	1.0309026660815297,1.0874193023799354
MS11677,MS11686	Unrelated	NA	14.739293734345521	1.0999847807619032	0.46289735016717404	0.005531321986037242	N/A	0.8931297709923665	20039	8432.84394678169	-0.0999847807619032	1.0742223407741238,1.1257472207496826
MS11678,MS11674	Third Degree	0.9002295442498399	2.007375231042693	0.9386119340409356	0.39498817138351006	0.006784282528338506	N/A	0.6259541984732825	11413	4802.836866341605	0.06138806595906443	0.9070137605956617,0.9702101074862094
MS11678,MS11676	Third Degree	0.5893100604427871	2.882948696361159	0.9451693978925458	0.3977476937821972	0.0056810317599969495	N/A	0.6946564885496184	16694	7025.195710742728	0.05483060210745416	0.9187096763006658,0.9716291194844259
MS11678,MS11677	Unrelated	NA	11.069427666326614	1.0820247611854685	0.4553393860786857	0.006682352297939976	N/A	0.8473282442748091	11565	4866.8017488163205	-0.08202476118546853	1.0509013334610569,1.1131481889098802
MS11678,MS11679	Unrelated	NA	4.359703273504377	0.9747672701935515	0.41020311761927253	0.006613648942297894	N/A	0.6183206106870229	10585	4454.396585492499	0.02523272980644853	0.9439638321716298,1.005570708215473
MS11678,MS11683	Unrelated	NA	4.458624454355348	0.9782758979238637	0.4116796239378051	0.006798072717801893	N/A	0.6793893129770993	11062	4655.128486416441	0.021724102076136287	0.9466134959036908,1.0099382999440365
MS11678,MS11684	Unrelated	NA	3.030232413562685	0.9537132045573202	0.4013431121321905	0.006591422284002198	N/A	0.5801526717557252	11317	4762.43799319968	0.04628679544267977	0.9230132884334037,0.9844131206812368
MS11678,MS11686	Unrelated	NA	4.042180588138948	0.9705305737823249	0.40842022427700175	0.00669209428214301	N/A	0.5461538461538461	15249	6417.108505637706	0.02946942621767512	0.9393617722243115,1.0016993753403383
MS11679,MS11674	Unrelated	NA	5.578639593217826	0.9826051637193399	0.4135014724760251	0.005759809585003749	N/A	0.6870229007633588	13243	5572.940385609557	0.017394836280660075	0.9557785300232235,1.0094317974154563
MS11679,MS11676	Unrelated	NA	7.72804869326114	1.0057625838098931	0.4232466149399057	0.005418838043902957	N/A	0.6793893129770993	19719	8298.181036308606	-0.00576258380989314	0.980524044042737,1.0310011235770493
MS11679,MS11677	Unrelated	NA	13.741754433437555	1.0980925624289666	0.4621010638297872	0.005874904368660315	N/A	0.8473282442748091	13536	5696.241113011475	-0.09809256242896658	1.0707298683725341,1.125455256485399
MS11679,MS11683	Second Degree	3.2318587052943286	3.3430609435288514	0.8601678013109904	0.36197718631178705	0.0060003812456815115	N/A	0.4961832061068702	13150	5533.8039772533175	0.13983219868900965	0.8322206917165957,0.888114910905385
MS11679,MS11684	Third Degree	2.0532847953709696	1.2378460120242554	0.9238804240728615	0.38878883385862223	0.005993688318922502	N/A	0.5419847328244275	13326	5607.868578013514	0.07611957592713847	0.8959644871573322,0.9517963609883908
MS11679,MS11686	Third Degree	2.0825548545084005	1.7156529304209318	0.9274234680321017	0.390279823269514	0.005193505303896309	N/A	0.4732824427480916	18333	7714.922305322058	0.07257653196789826	0.9032344280420977,0.9516125080221057
MS11683,MS11674	Unrelated	NA	6.813018501371737	1.0014435619258046	0.42142907726081724	0.005879847027719645	N/A	0.6564885496183206	14121	5942.421746220083	-0.0014435619258046373	0.9740578471597269,1.0288292766918825
MS11683,MS11676	Unrelated	NA	8.421131784032672	1.0117970407956303	0.42578604475498066	0.005274406720896017	N/A	0.7099236641221374	21182	8913.843030127739	-0.011797040795630265	0.9872311979534976,1.036362883637763
MS11683,MS11684	Third Degree	1.9256412571330983	1.4371267859878534	0.9262826984286016	0.389799762785181	0.005866004441395614	N/A	0.5267175572519084	14333	6031.6359244085015	0.07371730157139844	0.8989614562787173,0.9536039405784859
MS11683,MS11686	Third Degree	1.795118695629759	1.948441558049193	0.9306474163214814	0.3916365303315846	0.005269318760649083	N/A	0.5343511450381679	19633	8261.990379118964	0.0693525836785186	0.9061052709373619,0.9551895617056009
MS11684,MS11674	Third Degree	0.07102298248585937	3.165556966251101	0.9520963826456461	0.40066271855611957	0.0060947087940863625	N/A	0.5572519083969466	14184	5968.933506719472	0.04790361735435389	0.9237099372448911,0.9804828280464011
MS11684,MS11676	Unrelated	NA	4.562997793639211	0.9623159637368627	0.40496333897349124	0.005170672738578381	N/A	0.5648854961832062	21276	8953.400260079206	0.03768403626313732	0.9382332676905407,0.9863986597831846
MS11684,MS11686	Second Degree	2.4397638114166913	4.663525799490809	0.8740497280345869	0.36781900086045455	0.005554049843621845	N/A	0.42748091603053434	19757	8314.172256927284	0.12595027196541309	0.8481814317852208,0.8999180242839531
MS11686,MS11676	Unrelated	NA	4.33643784206692	0.9589793171242822	0.4035592060232717	0.005117019119307283	N/A	0.6259541984732825	29220	12296.40701257353	0.04102068287571781	0.9351465157957308,0.9828121184528336
MS11770,MS11670	Second Degree	0.3154324713026314	1.947400000912503	0.8931815141320766	0.37587006960556846	0.0174347968915441	N/A	0.746031746031746	1293	544.1223226303072	0.10681848586792342	0.8119779773010344,0.9743850509631188
MS11770,MS11674	Unrelated/Consistent with Third Degree	1.5099841672414538	0.6053547752937264	0.9196644011256586	0.3870146403564608	0.009325225324263928	N/A	0.6183206106870229	4713	1983.332178311398	0.08033559887434139	0.8762316451958263,0.9630971570554909
MS11770,MS11675	Unrelated	NA	2.6252363471588405	0.9698309776937531	0.40812581913499346	0.010191938904176285	N/A	0.6692307692307692	3815	1605.4343857963045	0.03016902230624685	0.9223614550297748,1.0173005003577313
MS11770,MS11676	Second Degree	0.23124519179602504	4.926879286000319	0.9020470698799151	0.37960088691796007	0.007648521225590157	N/A	0.6106870229007634	6765	2846.8580917200525	0.09795293012008488	0.8664236566042235,0.9376704831556067
MS11770,MS11677	Unrelated	NA	7.70299088569012	1.0878807416183185	0.45780370910606377	0.009922657259315754	N/A	0.7938931297709924	4799	2019.5228355010395	-0.08788074161831849	1.0416654132017629,1.1340960700348741
MS11770,MS11678	Unrelated/Consistent with Third Degree	0.5361524679084395	1.3391153009736214	0.9397231022282537	0.3954557749526643	0.010519037656201163	N/A	0.6615384615384615	3697	1555.7774375593547	0.060276897771746274	0.8907300989225065,0.9887161055340009
MS11770,MS11679	Unrelated/Consistent with Third Degree	0.5781432811936162	1.4499700448424286	0.939762597634192	0.3954723954723955	0.009726286999398256	N/A	0.6717557251908397	4329	1821.7366857436966	0.06023740236580799	0.8944618746319078,0.9850633206364762
MS11770,MS11683	Unrelated	NA	2.1806819802509247	0.9552824495672123	0.4020034843205575	0.009462137914514036	N/A	0.6846153846153846	4592	1932.412765288763	0.04471755043278769	0.9112120156286159,0.9993528835058088
MS11770,MS11684	Unrelated/Consistent with Third Degree	1.8339298909784898	0.29592228547835253	0.9127628262351398	0.3841103086014445	0.009261681394784092	N/A	0.6564885496183206	4569	1922.7338685985098	0.08723717376486018	0.8696260296933064,0.9558996227769733
MS11770,MS11686	Second Degree	0.6791327345664077	3.9866767084688393	0.8926042018500905	0.3756271241301181	0.008455558469399636	N/A	0.6030534351145038	6179	2600.2566369162164	0.10739579814990952	0.8532219676968531,0.9319864360033279
MS11770,MS11771	Unrelated/Consistent with Third Degree	0.7756719875238066	0.7216775941842036	0.9288423442599133	0.3908769170271333	0.013173952507356028	N/A	0.7286821705426356	2543	1070.1493166657935	0.0711576557400867	0.8674839272794249,0.9902007612404017
MS11770,MS11774	Unrelated	NA	8.099661754223874	1.1453274572227732	0.481978527607362	0.012421377581498146	N/A	0.813953488372093	2608	1097.5027203556388	-0.14532745722277318	1.0874741998429487,1.2031807146025977
MS11770,MS11775	Unrelated	NA	3.2983064430194386	1.017898471451087	0.42835365853658536	0.014244912858323154	N/A	0.7054263565891473	1968	828.1768994094698	-0.017898471451087028	0.9515519970332031,1.084244945868971
MS11771,MS11674	Unrelated	NA	5.422237038595249	1.0016215008045908	0.42150395778364114	0.007401813462273719	N/A	0.7829457364341085	7580	3189.8276918311894	-0.0016215008045907808	0.9671471426667131,1.0360958589424685
MS11771,MS11675	Unrelated	NA	3.6874659040566335	0.9824198366655357	0.41342348284960423	0.008692666727742108	N/A	0.6846153846153846	6064	2551.862153464952	0.017580163334464327	0.9419332576031474,1.022906415727924
MS11771,MS11676	Unrelated	NA	6.249290757147818	1.0023833370562256	0.421824554930357	0.0064735320897587705	N/A	0.6793893129770993	10841	4562.126913870967	-0.0023833370562256206	0.972232501073008,1.0325341730394433
MS11771,MS11677	Unrelated	NA	10.765434521742776	1.1065376809475667	0.46565495207667734	0.007829259583597838	N/A	0.8549618320610687	7512	3161.2118233556594	-0.10653768094756666	1.0700724687107195,1.1430028931844138
MS11771,MS11678	Unrelated/Consistent with Third Degree	0.5280360721333209	1.7193182590976617	0.942111298005045	0.39646077930917134	0.008777437541647412	N/A	0.6846153846153846	5877	2473.168515157243	0.057888701994954994	0.9012298941590944,0.9829927018509956
MS11771,MS11679	Unrelated	NA	4.513837169939525	0.9917076101809373	0.4173319785164755	0.007967147791737841	N/A	0.6641221374045801	6889	2899.0399695283727	0.008292389819062662	0.9546001759407072,1.0288150444211674
MS11771,MS11683	Unrelated	NA	4.755629029964174	0.9948538771095289	0.41865599558437977	0.007840482231418498	N/A	0.6183206106870229	7247	3049.694100620136	0.0051461228904711165	0.9583363947658767,1.031371359453181
MS11771,MS11684	Third Degree	0.4749304655722941	1.9437660741323337	0.9439207177726727	0.3972222222222222	0.008155637531419997	N/A	0.6793893129770993	7200	3029.9154856444015	0.056079282227327276	0.9059353820797462,0.9819060534655992
MS11771,MS11686	Unrelated	NA	3.1195679067086712	0.9584720211142174	0.4033457249070632	0.007044614795554078	N/A	0.5725190839694656	9684	4075.2363281917205	0.041527978885782635	0.9256613356459671,0.9912827065824676
MS11771,MS11774	Unrelated	NA	12.463130571973442	1.2046295426681455	0.5069341258048539	0.010074880817785093	N/A	0.8992248062015504	4038	1699.2776015322354	-0.20462954266814548	1.1577052245562345,1.2515538607800565
MS11774,MS11674	Unrelated	NA	17.583187913146734	1.2309144497108397	0.5179953823169904	0.007770252602436743	N/A	0.9615384615384616	7363	3098.5094056666294	-0.23091444971083974	1.1947240657726996,1.2671048336489799
MS11774,MS11675	Unrelated	NA	16.244105559720204	1.222133019255206	0.5142999667442634	0.008183300433491237	N/A	0.9302325581395349	6014	2530.8210737035324	-0.222133019255206	1.1840188420563436,1.2602471964540685
MS11774,MS11676	Unrelated	NA	21.438639264302974	1.2302522788794348	0.5177167265314048	0.006359879196377259	N/A	0.9769230769230769	10301	4334.883252447637	-0.23025227887943478	1.2006307875723305,1.259873770186539
MS11774,MS11677	Unrelated	NA	19.202395768387973	1.2557488572329503	0.5284462373069968	0.007659287330875388	N/A	0.9538461538461539	7189	3025.2864480968897	-0.25574885723295027	1.2200753002227205,1.29142241424318
MS11774,MS11678	Unrelated	NA	15.193129690633672	1.2080467805762531	0.5083721733126186	0.008359212698301793	N/A	0.9153846153846154	5793	2437.8195011580583	-0.20804678057625314	1.16911328221389,1.2469802789386162
MS11774,MS11679	Unrelated	NA	18.241716774098983	1.2336806428313303	0.519159456118665	0.007553559083790961	N/A	0.9615384615384616	6472	2723.5573643181347	-0.23368064283133028	1.1984995210160505,1.26886176464661
MS11774,MS11683	Unrelated	NA	18.251804249892913	1.2341045037807774	0.5193378259595663	0.007559157078109041	N/A	0.9615384615384616	6826	2872.5282090289843	-0.2341045037807774	1.198897308995413,1.269311698566142
MS11774,MS11684	Unrelated	NA	15.412944367712553	1.2020131328614687	0.505833084056237	0.008075258718330208	N/A	0.9465648854961832	6686	2813.6131856970096	-0.2020131328614687	1.1644021659638757,1.2396240997590617
MS11774,MS11686	Unrelated	NA	17.775013297708288	1.2165665695499932	0.5119574844995571	0.007346712581118916	N/A	0.9389312977099237	9032	3800.8606481028105	-0.2165665695499932	1.1823488468326546,1.2507842922673318
MS11775,MS11670	Unrelated	NA	1.553182780861622	0.9678375045258883	0.4072869225764476	0.01668660779663191	N/A	0.728	1537	646.8027918660341	0.03216249547411165	0.8901187000437932,1.0455563090079834
MS11775,MS11674	Unrelated	NA	7.007295407823936	1.0476005537685342	0.44085293619901844	0.008488776633688817	N/A	0.7461538461538462	5909	2486.6348062045513	-0.047600553768534226	1.0080636041664106,1.0871375033706578
MS11775,MS11675	Unrelated	NA	7.025995582555217	1.0595724490443243	0.4458909682668836	0.009183239134302273	N/A	0.7829457364341085	4916	2068.758962142761	-0.05957244904432435	1.0168010016962767,1.102343896392372
MS11775,MS11676	Unrelated	NA	8.20716017432635	1.0457105987283357	0.4400576023040922	0.007150832977764035	N/A	0.7461538461538462	8333	3506.7063530381665	-0.045710598728335716	1.0124051961650216,1.0790160012916499
MS11775,MS11677	Unrelated	NA	11.968411760013751	1.1486915067940644	0.48339419231438013	0.008524491276237249	N/A	0.8372093023255814	5751	2420.144994158466	-0.1486915067940644	1.108988214256624,1.1883947993315047
MS11775,MS11678	Unrelated	NA	6.967007622996444	1.065598250324361	0.4484267555740779	0.009624962182761274	N/A	0.8359375	4799	2019.5228355010395	-0.06559825032436106	1.0207694532946514,1.1104270473540707
MS11775,MS11679	Unrelated	NA	6.667969929091864	1.047470748323649	0.4407983112646325	0.008912568775936072	N/A	0.7769230769230769	5211	2192.901332735136	-0.04747074832364895	1.0059599632334635,1.0889815334138344
MS11775,MS11683	Unrelated	NA	7.874357819374482	1.067937902801204	0.449411331861663	0.008640928282243138	N/A	0.8307692307692308	5436	2287.586191661523	-0.06793790280120393	1.0276922984281562,1.1081835071742516
MS11775,MS11684	Unrelated	NA	6.270726098945886	1.0350483806800481	0.43557071069633885	0.008643518974576554	N/A	0.7846153846153846	5572	2344.817928612584	-0.03504838068004812	0.9947907100132763,1.07530605134682
MS11775,MS11686	Unrelated	NA	6.557192816685477	1.0216818821397546	0.4299457994579946	0.007408083022762355	N/A	0.6923076923076923	7380	3105.663372785512	-0.021681882139754638	0.9871783231749777,1.0561854411045315
MS11775,MS11771	Unrelated	NA	4.921311463320723	1.0467144673467725	0.44048005189750244	0.01201112379542204	N/A	0.75	3083	1297.3929780891237	-0.04671446734677254	0.9907719898076849,1.1026569448858603
MS11775,MS11774	Unrelated	NA	11.003189396220922	1.2008420099130335	0.5053402502288679	0.011266795025424017	N/A	0.875	3277	1379.032367563431	-0.20084200991303347	1.1483662850447642,1.2533177347813027
