Sample,Group
AfghanHound01,Basal breed
AfghanHound03,Basal breed
AfghanHound04,Basal breed
AiredaleTerrier05,Modern breed
AlaskanHusky01,Basal breed
AlaskanHusky02,Basal breed
AlaskanMalamute01,Basal breed
AlaskanMalamute02,Basal breed
AustralianCattleDog01,Modern breed
Basenji01,Basal breed
Basenji02,Basal breed
Basenji03,Basal breed
Beagle01,Modern breed
BeardedCollie01,Modern breed
BelgianMalinois02,Modern breed
BelgianSheepdog01,Modern breed
BelgianTervuren01,Modern breed
BergerBlancSuisse01,Modern breed
BergerPicard01,Modern breed
BerneseMountainDog01,Modern breed
BlackRussianTerrier01,Modern breed
Bloodhound01,Modern breed
BorderCollie03,Modern breed
BorderTerrier01,Modern breed
Borzoi01,Modern breed
BostonTerrier01,Modern breed
BouvierDesFlandres01,Modern breed
Boxer01,Modern breed
BrittanySpaniel01,Modern breed
Bulldog01,Modern breed
BullTerrier03,Modern breed
Chihuahua01,Modern breed
ChineseCrested01,Modern breed
ChineseCrested05,Modern breed
Chinook01,Modern breed
ChowChow01,Basal breed
ChowChow02,Basal breed
ChowChow03,Basal breed
ClumberSpaniel01,Modern breed
CockerSpanielAmerican01,Modern breed
CockerSpanielEnglish01,Modern breed
Coonhound01,Modern breed
Dalmatian01,Modern breed
EnglishMastiff01,Modern breed
EnglishPointer01,Modern breed
EnglishSetter01,Modern breed
EnglishSpringerSpaniel01,Modern breed
EntlebucherSennenhund01,Modern breed
FinnishLapphund01,Modern breed
FlatcoatedRetriever01,Modern breed
FrenchBulldog01,Modern breed
GermanShepherd10,Modern breed
GermanWirehairedPointer01,Modern breed
GoldenRetriever02,Modern breed
GordonSetter01,Modern breed
GreatDane01,Modern breed
GreaterSwissMountainDog01,Modern breed
GreatPyrenees01,Modern breed
GreenlandDog01,Basal breed
Greyhound02,Modern breed
Heideterrier01,Modern breed
IrishSetter01,Modern breed
IrishTerrier01,Modern breed
IrishWaterSpaniel01,Modern breed
IrishWolfhound01,Modern breed
IstrianShorthairedHound01,Modern breed
ItalianGreyhound01,Modern breed
JackRussellTerrier02,Modern breed
Jamthund01,Modern breed
Jindo01,Basal breed
Keeshond01,Modern breed
KerryBlueTerrier02,Modern breed
Komondor01,Modern breed
Kromfohrlander01,Modern breed
LabradorRetriever01,Modern breed
LagottoRomagnolo02,Modern breed
MexicanHairless01,Modern breed
MiniaturePoodle01,Modern breed
MiniatureSchnauzer01,Modern breed
NorwegianElkhound01,Modern breed
NorwegianLundehund01,Modern breed
PembrokeWelshCorgi01,Modern breed
PembrokeWelshCorgi02,Modern breed
PeruvianHairless01,Modern breed
PetitBassetGriffonVendeen01,Modern breed
Pomeranian01,Modern breed
PortuguesePodengo01,Modern breed
PortugueseWaterDog01,Modern breed
Pug02,Modern breed
RhodesianRidgeback01,Modern breed
Rottweiler01,Modern breed
SaintBernard01,Modern breed
Saluki01,Basal breed
Saluki02,Basal breed
Saluki03,Basal breed
ScottishDeerhound01,Modern breed
ScottishTerrier01,Modern breed
ShetlandSheepdog01,Modern breed
ShibaInu01,Basal breed
SiberianHusky01,Basal breed
SiberianHusky02,Basal breed
SiberianHusky04,Basal breed
StandardPoodle01,Modern breed
SwedishLapphund01,Modern breed
TibetanMastiff02,Basal breed
Vizsla01,Modern breed
WestHighlandWhiteTerr02,Modern breed
Whippet01,Modern breed
XiasiDog01,Basal breed
Xoloitzcuintli01,Modern breed
YorkshireTerrier02,Modern breed
Dingo01,Dingo
E56,Dingo
Y07,Dingo
Y47,Dingo
MS11674,Kuri
MS11676,Kuri
MS11678,Kuri
MS11683,Kuri
MS11686,Kuri
NewGuineaSingingDog01,New Guinea Singing Dog
NGSD1,New Guinea Singing Dog
NGSD2,New Guinea Singing Dog
NGSD3,New Guinea Singing Dog
ChinaIndigenousDog01,Indigenous dog China
ChinaIndigenousDog02,Indigenous dog China
ChinaIndigenousDog03,Indigenous dog China
ChinaIndigenousDog04,Indigenous dog China
ChinaIndigenousDog05,Indigenous dog China
ChinaIndigenousDog06,Indigenous dog China
ChinaIndigenousDog07,Indigenous dog China
ChinaIndigenousDog08,Indigenous dog China
ChinaIndigenousDog09,Indigenous dog China
ChinaIndigenousDog10,Indigenous dog China
ChinaIndigenousDog11,Indigenous dog China
ChinaIndigenousDog12,Indigenous dog China
ChinaIndigenousDog13,Indigenous dog China
ChinaIndigenousDog14,Indigenous dog China
ChinaIndigenousDog15,Indigenous dog China
IndigenousDogVietnam01,Indigenous dog Vietnam
IndigenousDogVietnam02,Indigenous dog Vietnam
IndigenousDogVietnam04,Indigenous dog Vietnam
IndigenousDogVietnam05,Indigenous dog Vietnam
VillDog_Borneo01,Village dog Borneo
VillDog_Borneo02,Village dog Borneo
VillDog_Borneo03,Village dog Borneo
VillDog_China01,Village dog China
VillDog_China02,Village dog China
VillDog_China03,Village dog China
VillDog_China20,Village dog China
VillDog_China27,Village dog China
VillDog_China28,Village dog China
VillDog_China29,Village dog China
VillDog_China30,Village dog China
VillDog_China31,Village dog China
VillDog_China32,Village dog China
VillDog_China38,Village dog China
VillDog_China40,Village dog China
VillDog_China41,Village dog China
VillDog_China44,Village dog China
VillDog_China46,Village dog China
VillDog_China52,Village dog China
VillDog_Egypt01,Village dog other
VillDog_Egypt02,Village dog other
VillDog_India01,Village dog other
VillDog_India03,Village dog other
VillDog_India04,Village dog other
VillDog_India05,Village dog other
VillDog_Lebanon01,Village dog other
VillDog_Lebanon02,Village dog other
VillDog_Lebanon03,Village dog other
VillDog_Namibia01,Village dog other
VillDog_Namibia02,Village dog other
VillDog_Namibia03,Village dog other
VillDog_PapuaNG01,Village dog other
VillDog_PapuaNG02,Village dog other
VillDog_PapuaNG03,Village dog other
VillDog_Portugal01,Village dog other
VillDog_Portugal02,Village dog other
VillDog_Qatar01,Village dog other
VillDog_Qatar02,Village dog other
VillDog_Taiwan01,Village dog other
GoldenJackal01,Jackal
GoldenJackal_Syria,Jackal
GoldenJackal_Calcutta,Jackal
EthiopeanWolf_Ethiopia,Wolf
AfricanGoldenWolf_Ethiopia,Wolf
AlgonquinWolf13467,Wolf
AlaskanWolf,Wolf
WolfTibetan05,Wolf
WolfTibetan08,Wolf
7-D-77-01,Wolf
Wolf04,Wolf
Wolf32,Wolf
Wolf28,Wolf